customer_id,bank_id,transaction_count,avg_transaction_value,total_spent,min_transaction,max_transaction,first_transaction,last_transaction
CUST_0037,BANK_3,35,25747.372857,901158.05,18.32,683286.0,2025-07-28,2025-09-08
CUST_0030,BANK_1,27,27175.445556,733737.03,63.79,677835.0,2025-07-27,2025-09-07
CUST_0066,BANK_2,20,34487.675,689753.5,165.84,661250.0,2025-07-28,2025-09-08
CUST_0121,BANK_1,20,32930.097,658601.94,80.64,619641.0,2025-07-31,2025-09-08
CUST_0010,BANK_2,26,21598.110385,561550.87,79.11,515354.0,2025-07-28,2025-09-06
CUST_0069,BANK_4,32,15208.066875,486658.14,3.25,335909.0,2025-07-29,2025-09-06
CUST_0014,BANK_2,32,13433.000313,429856.01,97.84,351821.0,2025-07-29,2025-09-07
CUST_0046,BANK_2,24,17688.35875,424520.61,227.95,378275.0,2025-07-27,2025-09-08
CUST_0035,BANK_3,30,12905.872,387176.16,102.05,340332.0,2025-07-30,2025-09-09
CUST_0099,BANK_5,35,10797.567143,377914.85,7.44,303300.0,2025-07-29,2025-09-08
CUST_0177,BANK_4,24,15500.224167,372005.38,14.41,255750.0,2025-07-26,2025-09-06
CUST_0195,BANK_4,32,11324.4125,362381.2,14.05,293651.0,2025-07-26,2025-09-06
CUST_0151,BANK_3,28,10794.258214,302239.23,40.32,245051.0,2025-07-28,2025-09-07
CUST_0178,BANK_4,34,8616.622647,292965.17,149.47,224642.0,2025-07-26,2025-09-06
CUST_0067,BANK_5,27,10610.582963,286485.74,27.87,249900.0,2025-07-27,2025-09-07
CUST_0077,BANK_4,20,13513.3275,270266.55,15.82,222850.0,2025-07-29,2025-09-05
CUST_0198,BANK_3,37,7053.686216,260986.39,0.57,198766.0,2025-07-28,2025-09-08
CUST_0076,BANK_5,31,8220.254194,254827.88,147.46,193554.0,2025-07-30,2025-09-08
CUST_0164,BANK_3,33,7295.288788,240744.53,43.19,172702.0,2025-07-28,2025-09-07
CUST_0004,BANK_4,28,8205.703929,229759.71,2.15,165488.0,2025-07-26,2025-09-07
CUST_0188,BANK_2,26,8200.239231,213206.22,26.5,158917.0,2025-07-31,2025-09-08
CUST_0143,BANK_4,30,6418.669667,192560.09,5.99,139170.0,2025-07-28,2025-09-08
CUST_0139,BANK_5,28,6873.261429,192451.32,154.53,144712.0,2025-07-28,2025-09-09
CUST_0048,BANK_1,21,8861.714762,186096.01,330.71,142828.0,2025-07-26,2025-09-01
CUST_0160,BANK_4,36,5157.445278,185668.03,29.74,81085.0,2025-07-30,2025-09-07
CUST_0026,BANK_1,26,6896.198846,179301.17,22.55,127903.0,2025-07-26,2025-09-07
CUST_0097,BANK_4,33,5306.465152,175113.35,1.25,98428.0,2025-07-26,2025-09-08
CUST_0080,BANK_3,29,5845.372759,169515.81,6.97,115904.0,2025-07-27,2025-09-09
CUST_0112,BANK_3,15,10073.714,151105.71,387.25,123773.0,2025-07-30,2025-09-08
CUST_0066,BANK_1,24,6229.905833,149517.74,205.91,103978.0,2025-07-28,2025-09-05
CUST_0083,BANK_1,25,5716.8488,142921.22,20.2,103015.0,2025-07-27,2025-09-08
CUST_0165,BANK_4,22,6156.557727,135444.27,110.23,94201.0,2025-07-26,2025-09-08
CUST_0109,BANK_3,33,3804.884242,125561.18,45.14,60143.0,2025-07-27,2025-09-08
CUST_0051,BANK_1,28,4252.758929,119077.25,11.5,76660.0,2025-07-27,2025-09-04
CUST_0112,BANK_2,33,3500.331818,115510.95,28.51,49152.0,2025-07-26,2025-09-09
CUST_0038,BANK_4,27,4276.262222,115459.08,166.13,51484.0,2025-07-27,2025-09-03
CUST_0191,BANK_3,32,3502.993438,112095.79,133.03,11131.26,2025-07-27,2025-09-08
CUST_0057,BANK_3,33,3293.659394,108690.76,93.25,43657.0,2025-07-27,2025-09-07
CUST_0168,BANK_1,29,3683.81069,106830.51,9.16,58120.0,2025-07-27,2025-09-08
CUST_0032,BANK_3,48,2214.917292,106316.03,18.5,8447.7,2025-07-28,2025-09-08
CUST_0117,BANK_3,34,3078.637941,104673.69,282.97,47530.0,2025-07-28,2025-09-08
CUST_0056,BANK_4,33,3117.515758,102878.02,81.35,48352.0,2025-07-27,2025-09-06
CUST_0067,BANK_3,39,2587.074359,100895.9,13.68,8573.42,2025-07-28,2025-09-08
CUST_0010,BANK_5,30,3323.791333,99713.74,48.85,40085.0,2025-07-27,2025-09-09
CUST_0175,BANK_4,42,2363.88,99282.96,2.38,10030.39,2025-07-26,2025-09-07
CUST_0003,BANK_4,29,3333.284483,96665.25,124.01,24659.0,2025-07-27,2025-09-08
CUST_0136,BANK_3,31,3100.58871,96118.25,1.04,40678.0,2025-07-26,2025-09-04
CUST_0033,BANK_3,31,3095.846774,95971.25,145.89,15999.68,2025-07-26,2025-09-09
CUST_0146,BANK_2,34,2787.976176,94791.19,87.49,9126.16,2025-07-28,2025-09-08
CUST_0115,BANK_5,41,2288.297561,93820.2,71.61,9885.35,2025-07-27,2025-09-08
CUST_0140,BANK_3,38,2465.302105,93681.48,53.82,8218.3,2025-07-26,2025-09-08
CUST_0160,BANK_3,40,2324.48575,92979.43,14.53,9253.58,2025-07-26,2025-09-08
CUST_0064,BANK_5,32,2892.043125,92545.38,88.53,20617.81,2025-07-26,2025-09-09
CUST_0088,BANK_5,34,2701.980588,91867.34,162.14,11873.26,2025-07-30,2025-09-07
CUST_0006,BANK_3,27,3395.774815,91685.92,60.09,31448.0,2025-07-28,2025-09-07
CUST_0002,BANK_1,24,3815.623333,91574.96,18.54,40603.0,2025-07-26,2025-09-06
CUST_0177,BANK_2,38,2397.665,91111.27,107.59,9012.83,2025-07-26,2025-09-08
CUST_0109,BANK_2,31,2932.536774,90908.64,101.71,9485.42,2025-07-28,2025-09-09
CUST_0170,BANK_5,32,2837.410938,90797.15,261.51,9021.96,2025-07-26,2025-09-08
CUST_0049,BANK_2,36,2512.981389,90467.33,32.92,12754.72,2025-07-28,2025-09-08
CUST_0085,BANK_3,35,2577.713143,90219.96,138.7,8418.49,2025-07-27,2025-09-08
CUST_0056,BANK_2,35,2563.039429,89706.38,95.49,41870.0,2025-07-26,2025-09-08
CUST_0143,BANK_3,43,2086.165814,89705.13,104.6,7318.53,2025-07-27,2025-09-08
CUST_0042,BANK_2,37,2382.531622,88153.67,15.15,8281.51,2025-07-27,2025-09-09
CUST_0048,BANK_3,37,2377.707027,87975.16,69.17,9923.84,2025-07-26,2025-09-08
CUST_0163,BANK_3,33,2660.508485,87796.78,54.64,9419.64,2025-07-27,2025-09-07
CUST_0071,BANK_3,32,2742.358438,87755.47,16.84,11662.57,2025-07-27,2025-09-07
CUST_0183,BANK_5,42,2076.36119,87207.17,72.53,9704.57,2025-07-27,2025-09-08
CUST_0021,BANK_2,31,2805.356452,86966.05,6.51,12098.41,2025-07-28,2025-09-08
CUST_0123,BANK_4,35,2466.845429,86339.59,79.19,14393.81,2025-07-28,2025-09-08
CUST_0063,BANK_2,34,2533.262647,86130.93,16.38,7172.92,2025-07-27,2025-09-04
CUST_0197,BANK_3,38,2261.252368,85927.59,312.63,7798.79,2025-07-26,2025-09-08
CUST_0125,BANK_5,32,2684.633125,85908.26,458.81,11257.22,2025-07-26,2025-09-08
CUST_0029,BANK_2,38,2256.398947,85743.16,22.21,7961.54,2025-07-27,2025-09-09
CUST_0058,BANK_4,38,2254.505526,85671.21,4.49,9155.26,2025-07-27,2025-09-07
CUST_0073,BANK_1,32,2675.791563,85625.33,99.26,9886.88,2025-07-31,2025-09-04
CUST_0096,BANK_5,35,2442.842286,85499.48,109.85,6911.06,2025-07-28,2025-09-09
CUST_0190,BANK_3,29,2928.98069,84940.44,24.44,12017.92,2025-07-27,2025-09-06
CUST_0052,BANK_5,24,3525.47625,84611.43,31.2,10891.74,2025-07-28,2025-09-08
CUST_0153,BANK_4,46,1837.586739,84528.99,2.11,11718.52,2025-07-26,2025-09-07
CUST_0069,BANK_5,32,2637.495313,84399.85,15.51,12102.07,2025-07-27,2025-09-09
CUST_0015,BANK_1,24,3498.155833,83955.74,10.6,46110.0,2025-07-27,2025-09-08
CUST_0054,BANK_5,33,2538.846061,83781.92,39.5,7521.71,2025-07-28,2025-09-08
CUST_0162,BANK_3,32,2617.911563,83773.17,31.36,13866.97,2025-07-26,2025-09-06
CUST_0140,BANK_2,35,2381.142857,83340.0,49.54,7512.04,2025-07-28,2025-09-08
CUST_0183,BANK_1,31,2684.270323,83212.38,174.51,10739.77,2025-07-28,2025-09-09
CUST_0152,BANK_5,35,2377.455143,83210.93,74.25,9214.03,2025-07-28,2025-09-09
CUST_0017,BANK_4,43,1921.146279,82609.29,99.86,10287.44,2025-07-26,2025-09-08
CUST_0099,BANK_1,29,2848.138966,82596.03,63.8,13323.39,2025-07-26,2025-09-08
CUST_0079,BANK_4,32,2574.953125,82398.5,8.0,7925.19,2025-07-26,2025-09-08
CUST_0021,BANK_3,39,2109.295897,82262.54,298.6,7406.54,2025-07-28,2025-09-07
CUST_0068,BANK_2,36,2282.788889,82180.4,24.61,7725.61,2025-07-29,2025-09-07
CUST_0009,BANK_4,33,2464.106364,81315.51,6.05,11903.49,2025-07-26,2025-09-09
CUST_0014,BANK_3,39,2076.192821,80971.52,159.15,6943.21,2025-07-27,2025-09-09
CUST_0032,BANK_5,32,2527.704688,80886.55,41.82,9901.64,2025-07-26,2025-09-08
CUST_0050,BANK_5,30,2684.762333,80542.87,8.75,13963.26,2025-07-28,2025-09-07
CUST_0185,BANK_5,29,2768.930345,80298.98,14.28,32431.0,2025-07-29,2025-09-03
CUST_0187,BANK_1,35,2293.184286,80261.45,56.86,11458.26,2025-07-27,2025-09-07
CUST_0136,BANK_4,36,2221.645556,79979.24,21.16,14030.32,2025-07-29,2025-09-07
CUST_0011,BANK_4,26,3057.565385,79496.7,81.14,19647.36,2025-08-01,2025-09-06
CUST_0166,BANK_2,34,2330.877647,79249.84,7.45,12558.47,2025-07-29,2025-09-09
CUST_0125,BANK_2,29,2732.616207,79245.87,111.79,9263.1,2025-07-29,2025-09-09
CUST_0009,BANK_2,34,2328.945294,79184.14,44.07,8298.98,2025-07-28,2025-09-09
CUST_0008,BANK_2,29,2729.502414,79155.57,303.54,12682.18,2025-08-04,2025-09-08
CUST_0171,BANK_2,26,3041.206923,79071.38,28.32,16335.39,2025-07-27,2025-09-07
CUST_0172,BANK_1,36,2195.615556,79042.16,111.36,7404.64,2025-07-27,2025-09-08
CUST_0091,BANK_5,32,2468.969688,79007.03,114.97,8376.79,2025-07-27,2025-09-09
CUST_0154,BANK_5,30,2623.358333,78700.75,159.65,11536.37,2025-07-28,2025-09-09
CUST_0074,BANK_5,34,2308.207353,78479.05,33.45,10731.16,2025-07-31,2025-09-09
CUST_0020,BANK_4,37,2115.508919,78273.83,52.17,10405.2,2025-07-26,2025-09-08
CUST_0114,BANK_2,23,3394.305217,78069.02,233.53,25698.0,2025-08-04,2025-09-08
CUST_0049,BANK_1,33,2362.333939,77957.02,53.5,12443.4,2025-07-26,2025-09-06
CUST_0035,BANK_4,33,2359.960606,77878.7,7.92,11705.55,2025-07-29,2025-09-07
CUST_0080,BANK_4,29,2682.748621,77799.71,25.42,6303.4,2025-07-26,2025-09-01
CUST_0147,BANK_3,35,2212.645429,77442.59,12.13,7545.22,2025-07-29,2025-09-07
CUST_0157,BANK_4,33,2346.24,77425.92,92.29,8705.8,2025-07-26,2025-09-07
CUST_0168,BANK_5,32,2416.03625,77313.16,8.46,10371.85,2025-07-30,2025-09-08
CUST_0127,BANK_3,33,2341.009394,77253.31,56.67,10883.76,2025-07-28,2025-09-08
CUST_0150,BANK_2,33,2337.631212,77141.83,163.56,9410.75,2025-07-27,2025-09-08
CUST_0187,BANK_4,29,2656.912759,77050.47,15.54,7358.29,2025-07-26,2025-09-08
CUST_0104,BANK_2,32,2407.469375,77039.02,15.47,10006.24,2025-07-26,2025-09-08
CUST_0096,BANK_2,27,2852.879259,77027.74,62.21,8267.37,2025-07-29,2025-09-07
CUST_0011,BANK_3,33,2333.984545,77021.49,112.38,7474.67,2025-07-28,2025-09-08
CUST_0187,BANK_5,36,2135.4375,76875.75,68.09,7930.3,2025-07-28,2025-09-08
CUST_0013,BANK_5,33,2327.228485,76798.54,38.16,10331.85,2025-07-28,2025-09-08
CUST_0189,BANK_1,29,2639.715172,76551.74,108.28,8978.84,2025-07-28,2025-09-08
CUST_0038,BANK_5,31,2466.05,76447.55,8.35,6589.81,2025-07-27,2025-09-08
CUST_0154,BANK_3,32,2380.678438,76181.71,108.84,9282.77,2025-07-27,2025-09-08
CUST_0135,BANK_4,33,2304.637273,76053.03,15.11,9038.26,2025-07-26,2025-09-08
CUST_0120,BANK_2,36,2109.968889,75958.88,46.85,12796.5,2025-07-29,2025-09-07
CUST_0046,BANK_4,32,2367.971875,75775.1,6.47,6848.43,2025-07-27,2025-09-08
CUST_0094,BANK_2,28,2698.845714,75567.68,167.02,11200.62,2025-07-29,2025-09-08
CUST_0124,BANK_3,28,2698.5225,75558.63,24.62,14891.33,2025-07-28,2025-09-08
CUST_0027,BANK_1,37,2034.609189,75280.54,88.16,8718.16,2025-07-26,2025-09-05
CUST_0168,BANK_4,35,2149.478,75231.73,10.45,8278.53,2025-07-29,2025-09-06
CUST_0181,BANK_5,28,2680.825,75063.1,42.12,10889.6,2025-07-31,2025-09-09
CUST_0109,BANK_4,29,2585.935517,74992.13,56.67,11958.36,2025-07-26,2025-09-06
CUST_0160,BANK_5,37,2017.470811,74646.42,7.35,6544.31,2025-07-26,2025-09-09
CUST_0156,BANK_3,37,2014.776216,74546.72,172.42,7801.01,2025-07-26,2025-09-08
CUST_0085,BANK_5,39,1908.667179,74438.02,16.02,10246.72,2025-07-26,2025-09-07
CUST_0099,BANK_2,27,2755.082963,74387.24,80.9,8605.48,2025-07-29,2025-09-08
CUST_0003,BANK_2,31,2397.253548,74314.86,48.64,7686.12,2025-07-27,2025-09-07
CUST_0165,BANK_5,35,2116.196571,74066.88,33.29,9245.26,2025-07-27,2025-09-08
CUST_0053,BANK_4,33,2238.36697,73866.11,36.57,8213.81,2025-08-02,2025-09-08
CUST_0166,BANK_4,24,3061.412917,73473.91,37.38,11969.4,2025-07-26,2025-09-09
CUST_0079,BANK_2,34,2160.731765,73464.88,2.11,10285.57,2025-07-29,2025-09-08
CUST_0122,BANK_1,27,2717.625556,73375.89,52.42,9479.81,2025-07-26,2025-09-09
CUST_0164,BANK_5,38,1924.488421,73130.56,68.97,5252.96,2025-07-28,2025-09-08
CUST_0176,BANK_4,33,2210.129091,72934.26,10.87,8278.94,2025-07-29,2025-09-08
CUST_0092,BANK_1,33,2205.207576,72771.85,64.52,8942.35,2025-07-27,2025-09-08
CUST_0020,BANK_1,30,2423.555333,72706.66,111.67,9259.11,2025-07-30,2025-09-08
CUST_0001,BANK_5,30,2418.165667,72544.97,30.74,7913.97,2025-07-29,2025-09-09
CUST_0031,BANK_3,33,2197.583636,72520.26,40.4,14247.95,2025-07-26,2025-09-08
CUST_0079,BANK_1,28,2588.9925,72491.79,149.03,7920.3,2025-07-27,2025-09-05
CUST_0111,BANK_3,31,2336.826774,72441.63,134.9,7462.15,2025-07-28,2025-09-07
CUST_0188,BANK_3,28,2584.886786,72376.83,12.51,9432.03,2025-07-29,2025-09-04
CUST_0022,BANK_1,31,2333.401935,72335.46,61.24,7945.41,2025-07-27,2025-09-05
CUST_0122,BANK_2,29,2490.820345,72233.79,5.17,7070.62,2025-07-26,2025-09-08
CUST_0017,BANK_5,35,2063.656,72227.96,30.24,10091.29,2025-07-26,2025-09-08
CUST_0181,BANK_3,37,1951.134054,72191.96,3.65,8183.0,2025-07-27,2025-09-07
CUST_0141,BANK_4,29,2483.327241,72016.49,169.36,7821.08,2025-07-30,2025-09-07
CUST_0081,BANK_2,33,2181.226364,71980.47,130.48,5846.56,2025-07-26,2025-09-05
CUST_0174,BANK_2,29,2479.892069,71916.87,42.02,10962.92,2025-07-30,2025-09-09
CUST_0162,BANK_5,29,2476.304828,71812.84,96.32,9302.96,2025-07-27,2025-09-08
CUST_0034,BANK_4,38,1887.960263,71742.49,91.52,8486.22,2025-07-27,2025-09-06
CUST_0048,BANK_4,33,2173.544545,71726.97,70.93,6742.84,2025-07-26,2025-09-08
CUST_0168,BANK_3,30,2388.813333,71664.4,36.63,11898.13,2025-07-27,2025-09-08
CUST_0118,BANK_1,34,2107.432647,71652.71,159.2,7880.93,2025-07-27,2025-09-08
CUST_0058,BANK_2,23,3110.213478,71534.91,244.61,12545.03,2025-07-29,2025-09-05
CUST_0009,BANK_1,29,2464.53069,71471.39,1.6,10074.79,2025-07-27,2025-09-07
CUST_0155,BANK_2,33,2163.759394,71404.06,19.24,6596.57,2025-07-28,2025-09-08
CUST_0148,BANK_5,28,2544.143214,71236.01,72.51,14408.07,2025-07-28,2025-09-08
CUST_0001,BANK_1,24,2968.058333,71233.4,234.36,25746.0,2025-08-02,2025-09-09
CUST_0091,BANK_1,36,1976.366667,71149.2,15.04,9854.54,2025-07-27,2025-09-09
CUST_0064,BANK_3,32,2220.339063,71050.85,12.99,6952.86,2025-07-29,2025-09-08
CUST_0158,BANK_4,26,2730.120385,70983.13,321.99,12377.23,2025-07-30,2025-09-08
CUST_0145,BANK_5,36,1966.556389,70796.03,45.26,7464.26,2025-07-26,2025-09-08
CUST_0085,BANK_4,31,2283.125161,70776.88,20.63,13024.97,2025-07-26,2025-09-05
CUST_0161,BANK_5,27,2617.834444,70681.53,5.74,8763.73,2025-07-26,2025-09-09
CUST_0082,BANK_5,29,2437.263448,70680.64,42.49,8861.61,2025-07-26,2025-09-05
CUST_0198,BANK_5,37,1907.590541,70580.85,0.69,6131.46,2025-07-26,2025-09-08
CUST_0123,BANK_5,29,2425.096897,70327.81,20.76,12899.88,2025-07-28,2025-09-07
CUST_0102,BANK_1,31,2266.553226,70263.15,10.98,6118.44,2025-07-28,2025-09-07
CUST_0053,BANK_5,35,2001.434857,70050.22,71.45,7874.03,2025-07-29,2025-09-08
CUST_0018,BANK_3,31,2255.513548,69920.92,46.27,8278.19,2025-07-28,2025-09-07
CUST_0030,BANK_2,32,2178.783438,69721.07,50.43,6900.55,2025-07-27,2025-09-08
CUST_0124,BANK_5,32,2177.762188,69688.39,108.97,7551.3,2025-07-27,2025-09-08
CUST_0076,BANK_1,26,2679.987692,69679.68,122.65,10785.78,2025-07-27,2025-09-03
CUST_0049,BANK_4,32,2176.446875,69646.3,3.55,6189.95,2025-07-30,2025-09-08
CUST_0189,BANK_2,35,1986.575143,69530.13,42.25,12767.99,2025-07-26,2025-09-08
CUST_0131,BANK_4,34,2044.644706,69517.92,80.73,8704.08,2025-07-29,2025-09-08
CUST_0089,BANK_1,33,2106.365152,69510.05,6.31,9007.86,2025-07-28,2025-09-07
CUST_0082,BANK_2,32,2171.081563,69474.61,36.86,10703.3,2025-07-30,2025-09-06
CUST_0150,BANK_4,30,2310.958667,69328.76,106.15,6710.04,2025-07-28,2025-09-06
CUST_0167,BANK_1,32,2161.845,69179.04,3.93,14594.85,2025-07-27,2025-09-07
CUST_0063,BANK_3,33,2096.12303,69172.06,34.54,7470.79,2025-07-28,2025-09-09
CUST_0144,BANK_5,27,2559.097778,69095.64,28.79,10297.96,2025-07-28,2025-09-08
CUST_0166,BANK_5,36,1917.711944,69037.63,8.55,7009.37,2025-07-31,2025-09-08
CUST_0054,BANK_1,21,3285.894762,69003.79,186.31,12740.0,2025-07-27,2025-09-06
CUST_0189,BANK_5,32,2152.184063,68869.89,31.37,7777.2,2025-07-27,2025-09-09
CUST_0170,BANK_1,21,3276.104286,68798.19,44.95,15295.58,2025-07-26,2025-09-07
CUST_0033,BANK_2,31,2214.784839,68658.33,118.49,9771.0,2025-07-27,2025-09-07
CUST_0126,BANK_1,35,1960.469429,68616.43,32.66,6756.57,2025-07-27,2025-09-08
CUST_0157,BANK_2,30,2285.649333,68569.48,23.58,11516.55,2025-07-27,2025-09-08
CUST_0117,BANK_5,26,2635.005769,68510.15,0.29,9792.15,2025-07-26,2025-09-07
CUST_0184,BANK_5,30,2277.822,68334.66,146.37,7381.15,2025-07-26,2025-09-08
CUST_0057,BANK_1,26,2626.4,68286.4,50.67,19427.0,2025-07-27,2025-09-08
CUST_0161,BANK_2,25,2726.7324,68168.31,26.83,10204.27,2025-07-26,2025-09-08
CUST_0180,BANK_1,33,2065.005455,68145.18,62.6,5634.05,2025-07-27,2025-09-04
CUST_0044,BANK_1,24,2835.78625,68058.87,270.57,8154.0,2025-07-27,2025-09-01
CUST_0084,BANK_5,32,2126.582813,68050.65,298.4,8040.48,2025-07-29,2025-09-08
CUST_0133,BANK_5,27,2518.186667,67991.04,192.19,9840.28,2025-07-28,2025-09-07
CUST_0151,BANK_4,30,2261.817,67854.51,14.29,5925.65,2025-07-27,2025-09-09
CUST_0078,BANK_2,32,2119.311875,67817.98,60.98,8060.89,2025-07-26,2025-09-08
CUST_0184,BANK_2,31,2186.605161,67784.76,51.0,11289.8,2025-07-26,2025-09-08
CUST_0084,BANK_2,31,2186.450968,67779.98,83.22,11643.15,2025-07-29,2025-09-08
CUST_0179,BANK_1,24,2820.68375,67696.41,442.52,9891.55,2025-07-27,2025-09-08
CUST_0187,BANK_3,33,2050.133939,67654.42,34.93,6752.62,2025-07-29,2025-09-06
CUST_0120,BANK_1,25,2704.1108,67602.77,157.41,7565.04,2025-07-26,2025-09-08
CUST_0134,BANK_5,30,2253.180667,67595.42,8.81,8911.37,2025-07-28,2025-09-09
CUST_0015,BANK_4,30,2252.447667,67573.43,65.56,11438.07,2025-07-27,2025-09-06
CUST_0155,BANK_3,24,2811.46,67475.04,19.53,9826.94,2025-07-29,2025-09-07
CUST_0005,BANK_5,28,2409.299286,67460.38,42.23,9306.87,2025-07-31,2025-09-08
CUST_0143,BANK_1,28,2406.468929,67381.13,55.43,9397.92,2025-07-27,2025-09-05
CUST_0180,BANK_5,36,1871.341944,67368.31,103.92,5570.01,2025-07-27,2025-09-08
CUST_0005,BANK_2,35,1924.210286,67347.36,33.02,6144.13,2025-07-27,2025-09-08
CUST_0093,BANK_3,35,1922.804571,67298.16,7.75,8344.87,2025-07-28,2025-09-08
CUST_0040,BANK_4,38,1768.377368,67198.34,134.89,7947.43,2025-07-26,2025-09-07
CUST_0189,BANK_3,31,2166.632258,67165.6,60.4,7428.14,2025-07-27,2025-09-06
CUST_0024,BANK_5,32,2098.737813,67159.61,42.65,6744.99,2025-07-28,2025-09-09
CUST_0081,BANK_4,26,2578.441154,67039.47,7.11,9576.91,2025-08-05,2025-09-07
CUST_0192,BANK_4,31,2160.69871,66981.66,118.49,12708.69,2025-07-29,2025-09-07
CUST_0062,BANK_5,32,2092.584688,66962.71,1.08,7131.37,2025-07-27,2025-09-08
CUST_0186,BANK_1,27,2476.645185,66869.42,3.66,9251.45,2025-07-29,2025-09-06
CUST_0178,BANK_2,37,1806.672973,66846.9,67.15,7497.35,2025-07-26,2025-09-09
CUST_0153,BANK_1,29,2300.298966,66708.67,21.52,8750.68,2025-07-26,2025-09-09
CUST_0090,BANK_3,28,2382.041071,66697.15,48.57,10694.09,2025-07-26,2025-09-05
CUST_0119,BANK_1,25,2665.952,66648.8,164.42,6930.77,2025-07-29,2025-09-01
CUST_0028,BANK_4,33,2018.19303,66600.37,43.93,8362.37,2025-07-26,2025-09-07
CUST_0067,BANK_1,26,2556.197692,66461.14,0.52,11472.27,2025-08-02,2025-09-08
CUST_0012,BANK_5,34,1954.574706,66455.54,72.0,10887.6,2025-07-26,2025-09-08
CUST_0157,BANK_5,23,2884.923478,66353.24,71.48,20859.48,2025-07-31,2025-09-09
CUST_0147,BANK_5,35,1895.233429,66333.17,2.35,5818.66,2025-07-26,2025-09-08
CUST_0164,BANK_2,33,2009.918485,66327.31,43.83,8237.84,2025-07-27,2025-09-07
CUST_0122,BANK_5,29,2286.051379,66295.49,22.09,7909.22,2025-07-26,2025-09-08
CUST_0191,BANK_2,31,2137.561935,66264.42,136.44,10850.85,2025-08-01,2025-09-08
CUST_0040,BANK_3,35,1891.732286,66210.63,32.87,5929.38,2025-07-27,2025-09-08
CUST_0056,BANK_1,35,1891.231429,66193.1,12.85,7968.05,2025-07-27,2025-09-07
CUST_0153,BANK_2,31,2131.261613,66069.11,33.43,6207.3,2025-07-26,2025-09-08
CUST_0022,BANK_2,38,1737.937895,66041.64,35.88,7181.81,2025-07-26,2025-09-08
CUST_0194,BANK_5,36,1833.404722,66002.57,1.1,7202.24,2025-07-26,2025-09-09
CUST_0026,BANK_4,31,2126.480645,65920.9,24.83,6720.47,2025-07-26,2025-09-06
CUST_0069,BANK_2,28,2352.883571,65880.74,74.46,11890.05,2025-07-27,2025-09-08
CUST_0152,BANK_1,29,2269.188276,65806.46,121.08,8132.41,2025-07-27,2025-09-04
CUST_0055,BANK_5,32,2051.771875,65656.7,22.3,7530.22,2025-07-27,2025-09-05
CUST_0098,BANK_5,36,1822.948611,65626.15,62.68,9679.19,2025-07-26,2025-09-08
CUST_0050,BANK_2,31,2116.396452,65608.29,91.7,6739.56,2025-07-28,2025-09-07
CUST_0100,BANK_4,28,2341.624643,65565.49,73.05,14078.68,2025-07-28,2025-09-08
CUST_0050,BANK_4,37,1770.877297,65522.46,56.79,5174.14,2025-07-28,2025-09-05
CUST_0036,BANK_4,28,2339.7225,65512.23,36.07,7748.16,2025-07-26,2025-09-09
CUST_0174,BANK_3,30,2181.583667,65447.51,185.17,5782.18,2025-07-26,2025-09-09
CUST_0142,BANK_3,32,2043.21125,65382.76,108.41,10988.27,2025-07-27,2025-09-08
CUST_0100,BANK_3,32,2040.870938,65307.87,21.89,6203.04,2025-07-27,2025-09-08
CUST_0183,BANK_3,35,1864.271714,65249.51,9.64,5348.09,2025-07-28,2025-09-07
CUST_0148,BANK_2,26,2507.357308,65191.29,55.34,8619.31,2025-07-28,2025-09-08
CUST_0042,BANK_3,30,2170.621333,65118.64,6.52,7741.09,2025-07-28,2025-09-07
CUST_0027,BANK_2,26,2501.068077,65027.77,83.65,9049.97,2025-07-27,2025-09-08
CUST_0007,BANK_3,35,1855.441429,64940.45,4.2,8834.12,2025-07-28,2025-09-08
CUST_0172,BANK_5,32,2028.290625,64905.3,29.47,6382.96,2025-07-27,2025-09-08
CUST_0177,BANK_3,34,1908.679412,64895.1,65.98,7304.94,2025-07-29,2025-09-08
CUST_0200,BANK_2,30,2162.689333,64880.68,12.91,8312.2,2025-07-27,2025-09-07
CUST_0144,BANK_4,28,2316.874286,64872.48,308.82,6935.99,2025-07-28,2025-09-07
CUST_0008,BANK_4,28,2312.3775,64746.57,29.62,10311.23,2025-07-27,2025-09-06
CUST_0089,BANK_2,35,1848.880571,64710.82,45.86,6690.4,2025-07-28,2025-09-06
CUST_0162,BANK_1,27,2395.457778,64677.36,3.45,9078.06,2025-07-27,2025-09-05
CUST_0034,BANK_3,29,2227.596552,64600.3,133.79,6926.29,2025-07-27,2025-09-08
CUST_0129,BANK_3,36,1793.116111,64552.18,50.03,7971.4,2025-07-27,2025-09-07
CUST_0032,BANK_1,25,2581.4552,64536.38,66.37,12615.47,2025-07-27,2025-09-06
CUST_0031,BANK_1,27,2390.135556,64533.66,115.41,7115.2,2025-07-27,2025-09-07
CUST_0147,BANK_2,25,2575.0428,64376.07,22.92,9512.09,2025-07-28,2025-09-08
CUST_0116,BANK_3,37,1739.709459,64369.25,67.37,8905.28,2025-07-27,2025-09-09
CUST_0021,BANK_4,34,1892.038235,64329.3,22.71,10366.42,2025-07-26,2025-09-08
CUST_0074,BANK_3,28,2296.155714,64292.36,33.84,12095.42,2025-07-28,2025-09-08
CUST_0038,BANK_2,30,2141.809333,64254.28,58.02,7713.19,2025-07-29,2025-09-08
CUST_0070,BANK_2,32,2006.9375,64222.0,20.26,6427.92,2025-07-26,2025-09-09
CUST_0020,BANK_3,33,1942.428182,64100.13,55.87,13173.41,2025-07-27,2025-09-08
CUST_0101,BANK_4,29,2207.324483,64012.41,52.08,5908.7,2025-07-29,2025-09-08
CUST_0020,BANK_2,27,2370.104444,63992.82,48.4,7334.19,2025-07-30,2025-09-08
CUST_0037,BANK_2,29,2203.751034,63908.78,60.75,7785.38,2025-07-29,2025-09-08
CUST_0025,BANK_2,33,1935.447273,63869.76,219.97,9173.62,2025-07-26,2025-09-08
CUST_0130,BANK_5,28,2280.852143,63863.86,120.45,11830.08,2025-07-28,2025-09-07
CUST_0105,BANK_3,30,2126.722333,63801.67,19.91,6328.46,2025-07-29,2025-09-07
CUST_0052,BANK_3,26,2451.925385,63750.06,468.52,8345.31,2025-07-26,2025-09-07
CUST_0060,BANK_5,28,2275.338214,63709.47,202.67,9704.84,2025-07-29,2025-09-06
CUST_0085,BANK_1,29,2194.493448,63640.31,37.87,8106.17,2025-08-01,2025-09-04
CUST_0073,BANK_3,36,1767.456944,63628.45,14.95,5978.48,2025-07-26,2025-09-09
CUST_0196,BANK_3,32,1986.61875,63571.8,20.86,9312.31,2025-07-28,2025-09-08
CUST_0043,BANK_1,28,2269.571429,63548.0,283.06,8323.15,2025-07-26,2025-09-07
CUST_0121,BANK_4,31,2047.275806,63465.55,33.01,8143.9,2025-07-26,2025-09-08
CUST_0039,BANK_3,31,2046.893548,63453.7,8.56,9501.77,2025-07-30,2025-09-09
CUST_0065,BANK_5,31,2046.861613,63452.71,85.38,8765.06,2025-07-27,2025-09-09
CUST_0149,BANK_4,37,1713.879459,63413.54,99.33,8530.87,2025-07-26,2025-09-07
CUST_0131,BANK_2,28,2262.811429,63358.72,69.4,9975.16,2025-07-27,2025-09-09
CUST_0171,BANK_5,29,2177.862759,63158.02,53.03,7133.41,2025-07-28,2025-09-08
CUST_0117,BANK_2,29,2174.94931,63073.53,0.21,8436.87,2025-07-28,2025-09-07
CUST_0065,BANK_3,32,1970.590938,63058.91,18.06,9964.22,2025-07-26,2025-09-08
CUST_0137,BANK_1,28,2249.89,62996.92,4.68,10612.69,2025-07-26,2025-09-06
CUST_0199,BANK_3,25,2519.1812,62979.53,196.67,8446.52,2025-07-27,2025-09-07
CUST_0043,BANK_2,28,2246.137857,62891.86,48.49,7829.47,2025-07-26,2025-09-09
CUST_0027,BANK_3,30,2095.610667,62868.32,266.04,6761.36,2025-07-28,2025-09-07
CUST_0094,BANK_1,27,2326.789259,62823.31,21.58,7726.89,2025-07-27,2025-09-06
CUST_0007,BANK_2,30,2088.140667,62644.22,132.42,6788.76,2025-07-27,2025-09-08
CUST_0075,BANK_5,34,1837.665882,62480.64,8.63,6001.36,2025-07-27,2025-09-07
CUST_0148,BANK_1,28,2231.139643,62471.91,38.71,6946.63,2025-07-27,2025-09-06
CUST_0198,BANK_2,29,2153.028621,62437.83,68.02,8016.19,2025-07-28,2025-09-08
CUST_0190,BANK_2,28,2229.293214,62420.21,18.48,6825.12,2025-07-27,2025-09-08
CUST_0046,BANK_5,32,1950.065313,62402.09,42.43,13801.21,2025-07-30,2025-09-08
CUST_0077,BANK_2,26,2396.219615,62301.71,82.99,7337.97,2025-07-27,2025-09-05
CUST_0033,BANK_5,29,2147.052414,62264.52,162.2,5610.05,2025-07-28,2025-09-09
CUST_0044,BANK_4,25,2488.5396,62213.49,401.96,6341.84,2025-07-29,2025-09-06
CUST_0160,BANK_2,31,2005.887742,62182.52,80.81,9050.09,2025-08-01,2025-09-08
CUST_0169,BANK_5,38,1634.952895,62128.21,20.96,6498.57,2025-07-27,2025-09-09
CUST_0196,BANK_5,27,2299.578148,62088.61,227.35,9055.68,2025-07-26,2025-09-08
CUST_0107,BANK_4,26,2385.851154,62032.13,46.73,9797.68,2025-07-26,2025-09-05
CUST_0023,BANK_1,32,1938.14125,62020.52,2.19,6133.51,2025-07-28,2025-09-08
CUST_0182,BANK_5,31,1997.700645,61928.72,112.15,7721.45,2025-07-29,2025-09-08
CUST_0054,BANK_2,25,2475.1012,61877.53,77.47,13857.22,2025-07-26,2025-09-09
CUST_0130,BANK_2,24,2576.820417,61843.69,46.01,10499.46,2025-08-01,2025-09-08
CUST_0200,BANK_3,30,2061.071,61832.13,228.87,9537.29,2025-07-27,2025-09-08
CUST_0005,BANK_1,26,2378.084615,61830.2,23.73,7407.83,2025-07-28,2025-09-05
CUST_0185,BANK_2,27,2289.798519,61824.56,67.06,7531.07,2025-07-30,2025-09-09
CUST_0087,BANK_5,26,2372.870385,61694.63,72.62,7115.14,2025-07-26,2025-09-08
CUST_0161,BANK_3,32,1924.041563,61569.33,95.94,6657.08,2025-07-28,2025-09-08
CUST_0058,BANK_3,32,1919.837188,61434.79,31.78,5845.1,2025-07-26,2025-09-07
CUST_0200,BANK_1,23,2668.962174,61386.13,116.83,8562.55,2025-07-27,2025-09-02
CUST_0168,BANK_2,27,2271.892963,61341.11,63.92,15166.05,2025-07-26,2025-09-09
CUST_0138,BANK_1,24,2554.080417,61297.93,111.09,11342.83,2025-07-28,2025-09-09
CUST_0072,BANK_3,24,2553.169583,61276.07,173.43,10020.95,2025-07-27,2025-09-08
CUST_0075,BANK_4,28,2184.427857,61163.98,14.9,6701.41,2025-07-28,2025-09-08
CUST_0156,BANK_5,30,2033.534,61006.02,94.57,5425.85,2025-07-28,2025-09-08
CUST_0029,BANK_1,30,2031.579,60947.37,118.42,8062.67,2025-07-27,2025-09-08
CUST_0115,BANK_3,28,2173.2325,60850.51,62.68,11560.32,2025-07-29,2025-09-07
CUST_0004,BANK_2,30,2028.337,60850.11,16.89,10410.3,2025-07-28,2025-09-08
CUST_0113,BANK_1,27,2251.12037,60780.25,50.01,9701.46,2025-07-28,2025-09-05
CUST_0116,BANK_4,38,1599.419211,60777.93,16.05,5954.66,2025-07-26,2025-09-07
CUST_0155,BANK_5,28,2169.572857,60748.04,35.2,6084.92,2025-07-31,2025-09-08
CUST_0108,BANK_4,28,2167.759643,60697.27,15.51,8236.1,2025-07-29,2025-09-07
CUST_0062,BANK_2,33,1839.187273,60693.18,12.83,12710.08,2025-07-27,2025-09-07
CUST_0134,BANK_2,32,1896.394375,60684.62,42.73,8032.75,2025-07-27,2025-09-09
CUST_0075,BANK_2,27,2247.402593,60679.87,173.54,10739.19,2025-07-28,2025-09-08
CUST_0028,BANK_1,29,2092.383103,60679.11,140.47,13368.94,2025-07-28,2025-09-08
CUST_0171,BANK_1,27,2245.794444,60636.45,111.11,4833.25,2025-07-26,2025-09-08
CUST_0011,BANK_1,33,1833.773939,60514.54,29.84,8199.73,2025-07-28,2025-09-08
CUST_0158,BANK_3,31,1950.33871,60460.5,23.47,5381.3,2025-07-27,2025-09-08
CUST_0074,BANK_2,29,2084.542069,60451.72,134.4,6134.49,2025-07-27,2025-09-08
CUST_0127,BANK_5,25,2416.6316,60415.79,340.2,8603.78,2025-07-31,2025-09-05
CUST_0167,BANK_3,20,3020.683,60413.66,31.78,14555.9,2025-07-28,2025-09-06
CUST_0127,BANK_2,29,2082.713793,60398.7,121.58,6376.28,2025-08-01,2025-09-08
CUST_0104,BANK_1,30,2012.112667,60363.38,290.81,6736.9,2025-07-27,2025-09-09
CUST_0121,BANK_5,34,1774.214412,60323.29,6.43,8522.12,2025-07-27,2025-09-06
CUST_0070,BANK_3,36,1675.428611,60315.43,46.86,4870.35,2025-07-28,2025-09-08
CUST_0016,BANK_2,28,2152.533571,60270.94,15.72,6056.56,2025-07-27,2025-09-08
CUST_0123,BANK_1,26,2316.811154,60237.09,3.66,8802.98,2025-07-30,2025-09-06
CUST_0153,BANK_3,34,1771.624412,60235.23,128.03,5189.53,2025-07-26,2025-09-09
CUST_0013,BANK_2,31,1942.44129,60215.68,132.38,5844.07,2025-08-03,2025-09-09
CUST_0189,BANK_4,30,2005.242,60157.26,67.33,6550.0,2025-08-01,2025-09-07
CUST_0108,BANK_1,35,1718.628286,60151.99,1.18,6848.68,2025-07-27,2025-09-06
CUST_0154,BANK_1,33,1822.404545,60139.35,1.75,7905.76,2025-07-29,2025-09-03
CUST_0179,BANK_5,34,1763.062941,59944.14,24.02,6257.25,2025-07-27,2025-09-08
CUST_0132,BANK_2,26,2303.113077,59880.94,25.53,8504.39,2025-07-26,2025-09-08
CUST_0149,BANK_3,37,1618.048919,59867.81,57.82,6742.01,2025-07-29,2025-09-07
CUST_0141,BANK_1,32,1870.690313,59862.09,121.17,6571.4,2025-07-28,2025-09-06
CUST_0065,BANK_1,27,2209.274074,59650.4,39.08,8422.28,2025-07-26,2025-09-07
CUST_0073,BANK_4,35,1704.274571,59649.61,91.4,6339.26,2025-07-29,2025-09-08
CUST_0029,BANK_5,37,1608.712432,59522.36,76.12,7421.02,2025-07-29,2025-09-09
CUST_0072,BANK_5,29,2051.752759,59500.83,63.46,7873.87,2025-07-27,2025-09-08
CUST_0021,BANK_1,31,1919.106452,59492.3,63.14,10127.71,2025-07-27,2025-09-04
CUST_0069,BANK_3,16,3715.778125,59452.45,227.19,8481.07,2025-07-27,2025-09-02
CUST_0017,BANK_2,25,2377.1232,59428.08,149.37,7901.87,2025-07-28,2025-09-03
CUST_0140,BANK_1,30,1980.798,59423.94,0.54,7503.57,2025-07-31,2025-09-07
CUST_0114,BANK_1,26,2283.675769,59375.57,156.54,6065.48,2025-07-27,2025-09-05
CUST_0146,BANK_4,28,2117.885,59300.78,77.4,8708.18,2025-07-28,2025-09-07
CUST_0198,BANK_1,26,2280.783846,59300.38,134.89,8291.07,2025-07-28,2025-09-08
CUST_0186,BANK_3,26,2274.946538,59148.61,59.08,8989.44,2025-07-27,2025-09-06
CUST_0173,BANK_5,28,2111.848214,59131.75,5.61,12421.85,2025-07-28,2025-09-08
CUST_0176,BANK_3,27,2186.630741,59039.03,31.67,6449.7,2025-07-28,2025-09-09
CUST_0063,BANK_1,32,1842.837188,58970.79,11.68,5713.27,2025-07-27,2025-09-08
CUST_0084,BANK_3,32,1842.1825,58949.84,49.4,6575.96,2025-07-29,2025-09-08
CUST_0164,BANK_4,28,2103.811071,58906.71,78.12,6862.42,2025-07-27,2025-09-06
CUST_0186,BANK_4,23,2560.266522,58886.13,303.91,9194.71,2025-07-26,2025-09-04
CUST_0159,BANK_5,34,1730.507353,58837.25,97.59,5579.44,2025-07-26,2025-09-09
CUST_0041,BANK_3,23,2557.087391,58813.01,9.34,11076.58,2025-07-27,2025-09-08
CUST_0102,BANK_5,35,1680.176857,58806.19,18.29,8132.22,2025-07-26,2025-09-08
CUST_0043,BANK_4,27,2172.461852,58656.47,85.47,8457.32,2025-07-26,2025-09-06
CUST_0146,BANK_3,32,1831.226563,58599.25,20.18,8949.16,2025-07-26,2025-09-08
CUST_0190,BANK_4,34,1723.266471,58591.06,1.68,8415.03,2025-07-26,2025-09-09
CUST_0042,BANK_5,27,2169.645556,58580.43,38.6,6361.45,2025-07-26,2025-09-08
CUST_0040,BANK_1,24,2438.884167,58533.22,74.75,7228.58,2025-07-28,2025-09-05
CUST_0105,BANK_2,34,1721.276765,58523.41,50.02,7387.07,2025-07-27,2025-09-05
CUST_0047,BANK_2,35,1670.841429,58479.45,16.59,10908.64,2025-07-27,2025-09-08
CUST_0086,BANK_3,26,2246.392308,58406.2,266.97,8221.65,2025-07-26,2025-09-08
CUST_0139,BANK_1,30,1944.680667,58340.42,39.03,7512.36,2025-07-29,2025-09-07
CUST_0084,BANK_1,26,2240.199231,58245.18,190.34,10724.22,2025-07-26,2025-09-09
CUST_0132,BANK_4,33,1764.04303,58213.42,9.54,7601.26,2025-07-27,2025-09-08
CUST_0188,BANK_5,33,1763.714848,58202.59,64.84,5802.6,2025-07-26,2025-09-09
CUST_0150,BANK_3,37,1568.940541,58050.8,7.29,7383.46,2025-07-27,2025-09-09
CUST_0145,BANK_1,27,2148.591852,58011.98,159.69,6130.98,2025-07-27,2025-09-02
CUST_0006,BANK_5,31,1870.845161,57996.2,248.4,7696.7,2025-07-27,2025-09-09
CUST_0137,BANK_3,27,2145.064815,57916.75,97.39,7651.35,2025-08-01,2025-09-08
CUST_0053,BANK_2,33,1754.31,57892.23,39.92,8589.96,2025-07-30,2025-09-09
CUST_0079,BANK_5,31,1867.370645,57888.49,6.21,9975.19,2025-07-27,2025-09-07
CUST_0180,BANK_4,31,1865.536452,57831.63,146.87,11211.92,2025-07-27,2025-09-07
CUST_0023,BANK_4,28,2064.846071,57815.69,2.15,6846.0,2025-07-28,2025-09-06
CUST_0061,BANK_4,31,1861.963226,57720.86,3.06,7039.09,2025-07-31,2025-09-08
CUST_0125,BANK_1,27,2134.18,57622.86,19.3,6861.25,2025-07-29,2025-09-07
CUST_0130,BANK_4,26,2214.751538,57583.54,137.53,6974.78,2025-07-26,2025-09-07
CUST_0051,BANK_4,30,1917.208,57516.24,66.65,6216.96,2025-07-28,2025-09-04
CUST_0184,BANK_1,31,1854.979677,57504.37,10.58,7220.97,2025-07-27,2025-09-09
CUST_0016,BANK_5,25,2299.108,57477.7,349.05,10570.54,2025-07-29,2025-09-09
CUST_0036,BANK_1,28,2050.747857,57420.94,6.1,6270.14,2025-07-27,2025-09-07
CUST_0197,BANK_2,31,1848.913871,57316.33,7.66,8284.62,2025-07-29,2025-09-09
CUST_0035,BANK_1,28,2046.212857,57293.96,139.88,8183.86,2025-07-28,2025-09-06
CUST_0057,BANK_5,29,1972.895172,57213.96,270.37,4675.42,2025-07-27,2025-09-09
CUST_0155,BANK_4,30,1906.739333,57202.18,200.53,5377.28,2025-07-26,2025-09-08
CUST_0002,BANK_3,24,2382.447917,57178.75,1.99,8063.44,2025-07-30,2025-09-08
CUST_0124,BANK_4,30,1904.060333,57121.81,15.22,6810.35,2025-07-27,2025-09-07
CUST_0178,BANK_3,29,1968.782759,57094.7,68.13,6235.24,2025-07-27,2025-09-08
CUST_0159,BANK_4,28,2038.486786,57077.63,56.89,12910.46,2025-07-28,2025-09-08
CUST_0017,BANK_1,35,1630.353714,57062.38,12.98,8563.16,2025-07-28,2025-09-07
CUST_0088,BANK_4,30,1901.608333,57048.25,10.01,6894.62,2025-07-26,2025-09-07
CUST_0126,BANK_4,24,2376.313333,57031.52,167.88,6381.45,2025-07-26,2025-09-05
CUST_0150,BANK_1,30,1900.983333,57029.5,44.97,10068.58,2025-07-26,2025-09-05
CUST_0039,BANK_4,33,1727.156364,56996.16,6.27,5948.98,2025-07-26,2025-09-07
CUST_0003,BANK_3,29,1965.002069,56985.06,13.09,8485.82,2025-07-31,2025-09-08
CUST_0178,BANK_5,38,1498.681316,56949.89,34.07,6585.89,2025-07-27,2025-09-09
CUST_0022,BANK_4,25,2277.9728,56949.32,30.81,10011.65,2025-07-26,2025-09-08
CUST_0131,BANK_1,31,1836.691613,56937.44,93.66,6321.05,2025-07-26,2025-09-08
CUST_0171,BANK_4,30,1897.629667,56928.89,69.93,6161.37,2025-07-29,2025-09-07
CUST_0192,BANK_1,28,2032.401429,56907.24,189.86,8671.2,2025-08-03,2025-09-07
CUST_0154,BANK_4,21,2706.488095,56836.25,231.43,9386.17,2025-07-30,2025-09-04
CUST_0142,BANK_4,35,1620.879714,56730.79,66.63,7337.23,2025-07-26,2025-09-08
CUST_0173,BANK_2,32,1770.513438,56656.43,10.19,9848.99,2025-07-27,2025-09-09
CUST_0159,BANK_2,18,3145.435,56617.83,55.21,10890.12,2025-07-28,2025-09-08
CUST_0136,BANK_5,21,2693.022857,56553.48,350.77,9909.21,2025-07-29,2025-09-07
CUST_0170,BANK_3,25,2260.6492,56516.23,2.84,6789.09,2025-07-29,2025-09-08
CUST_0008,BANK_1,28,2018.1575,56508.41,174.17,5920.2,2025-07-27,2025-09-08
CUST_0110,BANK_3,31,1822.254516,56489.89,99.92,4834.14,2025-07-27,2025-09-06
CUST_0055,BANK_2,30,1882.404333,56472.13,58.1,10015.02,2025-07-27,2025-09-08
CUST_0061,BANK_3,36,1568.494167,56465.79,2.81,8637.8,2025-07-27,2025-09-07
CUST_0001,BANK_2,27,2090.462963,56442.5,1.74,9397.76,2025-07-27,2025-09-08
CUST_0003,BANK_5,28,2010.620357,56297.37,56.76,10701.34,2025-07-30,2025-09-08
CUST_0139,BANK_3,22,2551.69,56137.18,157.87,10926.18,2025-07-27,2025-09-08
CUST_0101,BANK_1,25,2245.3736,56134.34,320.55,7423.13,2025-07-28,2025-09-08
CUST_0021,BANK_5,28,2003.048571,56085.36,24.92,9912.66,2025-07-31,2025-09-08
CUST_0163,BANK_5,33,1699.445758,56081.71,11.57,6459.9,2025-07-27,2025-09-08
CUST_0060,BANK_1,23,2437.916522,56072.08,16.89,9554.25,2025-07-28,2025-09-08
CUST_0091,BANK_3,32,1751.295,56041.44,62.59,4430.0,2025-07-27,2025-09-07
CUST_0061,BANK_2,25,2241.3696,56034.24,233.05,6424.29,2025-07-28,2025-09-08
CUST_0148,BANK_4,27,2073.920741,55995.86,73.61,10412.52,2025-07-28,2025-09-09
CUST_0135,BANK_2,25,2238.1708,55954.27,89.89,6848.1,2025-07-28,2025-09-06
CUST_0195,BANK_3,24,2331.38875,55953.33,41.97,6809.06,2025-07-27,2025-09-08
CUST_0158,BANK_2,25,2237.15,55928.75,86.6,13302.56,2025-07-26,2025-09-08
CUST_0095,BANK_2,23,2430.58913,55903.55,38.82,11881.8,2025-07-27,2025-09-05
CUST_0080,BANK_5,29,1926.608966,55871.66,33.01,9238.07,2025-07-26,2025-09-08
CUST_0180,BANK_2,33,1690.631818,55790.85,4.8,8129.82,2025-07-26,2025-09-04
CUST_0057,BANK_4,30,1857.679333,55730.38,25.88,9467.46,2025-07-27,2025-09-07
CUST_0102,BANK_3,31,1797.115161,55710.57,106.73,4786.07,2025-07-27,2025-09-08
CUST_0182,BANK_2,26,2142.257692,55698.7,147.65,11771.89,2025-07-28,2025-09-08
CUST_0183,BANK_4,29,1916.683448,55583.82,1.83,9814.01,2025-07-26,2025-09-05
CUST_0116,BANK_1,32,1735.747188,55543.91,17.21,6963.84,2025-07-29,2025-09-05
CUST_0063,BANK_4,28,1982.429286,55508.02,73.06,5633.18,2025-07-27,2025-09-08
CUST_0166,BANK_1,26,2133.800385,55478.81,20.12,8910.68,2025-07-27,2025-09-07
CUST_0007,BANK_4,26,2132.933846,55456.28,162.79,5383.82,2025-07-26,2025-09-03
CUST_0068,BANK_3,31,1788.345806,55438.72,166.35,6057.12,2025-07-27,2025-09-09
CUST_0047,BANK_4,36,1539.959444,55438.54,17.33,5075.99,2025-07-27,2025-09-07
CUST_0138,BANK_4,26,2131.474231,55418.33,35.41,6114.17,2025-07-27,2025-09-07
CUST_0040,BANK_5,31,1786.820323,55391.43,58.97,8725.68,2025-07-26,2025-09-08
CUST_0175,BANK_3,26,2129.366154,55363.52,24.67,5440.08,2025-07-27,2025-09-09
CUST_0181,BANK_2,25,2213.0392,55325.98,58.2,7616.07,2025-07-29,2025-09-08
CUST_0057,BANK_2,23,2405.384783,55323.85,81.15,8435.29,2025-07-27,2025-09-07
CUST_0108,BANK_2,29,1904.118621,55219.44,123.02,6649.29,2025-07-29,2025-09-08
CUST_0134,BANK_1,29,1902.534483,55173.5,58.76,5955.3,2025-07-27,2025-09-08
CUST_0142,BANK_5,28,1970.071786,55162.01,15.63,6349.68,2025-07-28,2025-09-08
CUST_0059,BANK_4,25,2204.61,55115.25,2.99,10390.92,2025-07-26,2025-09-05
CUST_0089,BANK_5,32,1722.110313,55107.53,15.61,8872.47,2025-07-28,2025-09-08
CUST_0115,BANK_4,30,1835.122,55053.66,0.09,9150.35,2025-07-26,2025-09-07
CUST_0010,BANK_1,27,2038.984444,55052.58,26.47,6150.82,2025-07-27,2025-09-08
CUST_0096,BANK_1,30,1832.689333,54980.68,39.41,7294.36,2025-07-26,2025-09-05
CUST_0194,BANK_4,26,2114.628462,54980.34,100.14,8160.98,2025-07-28,2025-09-07
CUST_0157,BANK_1,26,2109.146154,54837.8,23.41,6657.17,2025-07-27,2025-09-09
CUST_0041,BANK_5,27,2027.886667,54752.94,34.53,9873.0,2025-07-27,2025-09-09
CUST_0039,BANK_2,27,2026.267407,54709.22,9.87,9960.89,2025-07-26,2025-09-08
CUST_0155,BANK_1,24,2278.145833,54675.5,243.32,8557.55,2025-07-27,2025-09-09
CUST_0029,BANK_3,26,2100.906154,54623.56,235.43,4636.86,2025-07-26,2025-09-08
CUST_0101,BANK_2,25,2184.1176,54602.94,91.66,5819.69,2025-07-27,2025-09-08
CUST_0022,BANK_3,34,1604.852059,54564.97,16.66,4761.18,2025-07-29,2025-09-06
CUST_0188,BANK_1,28,1948.381071,54554.67,24.16,7160.16,2025-07-27,2025-09-05
CUST_0011,BANK_5,22,2479.240909,54543.3,130.99,8427.95,2025-07-27,2025-09-08
CUST_0070,BANK_5,40,1362.7485,54509.94,5.78,5768.96,2025-07-28,2025-09-08
CUST_0077,BANK_5,31,1758.224839,54504.97,17.34,7021.59,2025-07-27,2025-09-08
CUST_0111,BANK_2,29,1878.341724,54471.91,15.75,5807.29,2025-07-29,2025-09-08
CUST_0042,BANK_1,19,2864.226842,54420.31,364.42,10834.56,2025-07-29,2025-09-08
CUST_0141,BANK_5,32,1697.930938,54333.79,147.06,6182.51,2025-07-28,2025-09-08
CUST_0105,BANK_1,29,1872.542759,54303.74,5.85,7911.33,2025-07-26,2025-09-08
CUST_0107,BANK_3,27,2010.974815,54296.32,194.88,6601.12,2025-07-28,2025-09-07
CUST_0095,BANK_4,27,2008.825556,54238.29,96.19,8668.45,2025-07-26,2025-09-06
CUST_0113,BANK_3,27,2007.271111,54196.32,46.65,7096.09,2025-07-26,2025-09-03
CUST_0034,BANK_1,38,1423.904737,54108.38,9.0,6395.96,2025-07-28,2025-09-06
CUST_0188,BANK_4,27,2003.93,54106.11,121.87,6051.19,2025-07-28,2025-09-04
CUST_0149,BANK_2,30,1798.221333,53946.64,22.81,5022.58,2025-07-29,2025-09-09
CUST_0093,BANK_5,34,1586.096471,53927.28,41.8,5482.06,2025-07-28,2025-09-07
CUST_0192,BANK_3,28,1925.219286,53906.14,5.82,5533.39,2025-07-28,2025-09-07
CUST_0143,BANK_2,26,2071.726538,53864.89,10.92,6451.43,2025-07-29,2025-09-08
CUST_0200,BANK_5,24,2243.08375,53834.01,19.0,8417.62,2025-07-30,2025-09-09
CUST_0013,BANK_3,30,1792.564667,53776.94,13.84,6424.06,2025-07-29,2025-09-07
CUST_0081,BANK_3,28,1920.484286,53773.56,95.68,5322.2,2025-07-28,2025-09-08
CUST_0166,BANK_3,34,1581.252059,53762.57,107.79,4932.65,2025-07-28,2025-09-08
CUST_0159,BANK_1,30,1791.965,53758.95,109.84,8137.87,2025-08-02,2025-09-09
CUST_0196,BANK_2,29,1852.565862,53724.41,53.39,5924.95,2025-07-28,2025-09-09
CUST_0086,BANK_5,20,2684.454,53689.08,13.22,10152.75,2025-07-28,2025-09-07
CUST_0049,BANK_3,28,1915.620714,53637.38,46.78,8075.07,2025-07-26,2025-09-08
CUST_0030,BANK_5,25,2143.0568,53576.42,102.36,10099.17,2025-07-26,2025-09-09
CUST_0070,BANK_1,27,1983.764815,53561.65,63.8,4623.31,2025-07-26,2025-09-06
CUST_0128,BANK_4,28,1910.6275,53497.57,68.71,10856.21,2025-07-26,2025-09-08
CUST_0099,BANK_4,25,2138.8348,53470.87,11.37,13545.31,2025-07-27,2025-09-07
CUST_0196,BANK_4,30,1780.408,53412.24,23.85,3735.98,2025-07-26,2025-09-06
CUST_0093,BANK_2,32,1668.140625,53380.5,12.45,5373.91,2025-07-28,2025-09-08
CUST_0196,BANK_1,24,2223.592083,53366.21,7.24,7625.4,2025-07-29,2025-09-06
CUST_0005,BANK_3,26,2051.647308,53342.83,4.14,6585.23,2025-07-26,2025-09-08
CUST_0049,BANK_5,28,1904.895357,53337.07,57.39,5304.76,2025-07-27,2025-09-09
CUST_0137,BANK_5,35,1523.747714,53331.17,60.11,10418.19,2025-07-29,2025-09-09
CUST_0006,BANK_2,22,2423.025455,53306.56,65.92,11117.17,2025-07-27,2025-09-09
CUST_0072,BANK_4,31,1716.491935,53211.25,158.8,4986.34,2025-07-29,2025-09-09
CUST_0037,BANK_1,25,2128.0388,53200.97,23.59,7539.54,2025-07-28,2025-09-06
CUST_0035,BANK_2,26,2044.939615,53168.43,7.03,8428.17,2025-07-26,2025-09-08
CUST_0011,BANK_2,36,1472.232222,53000.36,59.23,5388.26,2025-07-26,2025-09-08
CUST_0083,BANK_5,32,1653.528125,52912.9,27.62,5770.39,2025-07-27,2025-09-04
CUST_0140,BANK_5,24,2204.532083,52908.77,87.32,9390.54,2025-07-27,2025-09-07
CUST_0009,BANK_3,26,2033.424615,52869.04,62.78,5811.29,2025-07-29,2025-09-08
CUST_0048,BANK_5,28,1887.429286,52848.02,61.34,6739.78,2025-07-26,2025-09-08
CUST_0128,BANK_5,27,1956.468519,52824.65,117.91,9754.63,2025-07-27,2025-09-08
CUST_0163,BANK_4,28,1886.483214,52821.53,18.22,6063.72,2025-07-27,2025-09-04
CUST_0083,BANK_4,22,2399.956818,52799.05,198.7,10977.4,2025-07-28,2025-09-04
CUST_0044,BANK_2,26,2030.725769,52798.87,2.98,6267.55,2025-07-26,2025-09-08
CUST_0093,BANK_4,29,1818.598621,52739.36,117.55,8776.87,2025-07-28,2025-09-08
CUST_0091,BANK_2,26,2028.311538,52736.1,63.94,6902.31,2025-07-27,2025-09-05
CUST_0073,BANK_2,26,2027.764615,52721.88,159.65,10414.53,2025-07-30,2025-09-08
CUST_0022,BANK_5,26,2027.748462,52721.46,17.78,7644.97,2025-07-31,2025-09-08
CUST_0191,BANK_4,33,1596.845152,52695.89,20.92,5592.94,2025-07-29,2025-09-08
CUST_0139,BANK_2,30,1755.094,52652.82,114.75,7364.42,2025-07-29,2025-09-08
CUST_0092,BANK_3,33,1594.942121,52633.09,24.48,10038.7,2025-07-28,2025-09-08
CUST_0079,BANK_3,31,1696.984194,52606.51,11.56,10717.24,2025-07-29,2025-09-07
CUST_0043,BANK_5,24,2188.947083,52534.73,14.06,7908.35,2025-07-27,2025-09-09
CUST_0014,BANK_5,26,2020.437308,52531.37,40.77,11304.42,2025-07-27,2025-09-09
CUST_0064,BANK_1,31,1692.659677,52472.45,23.1,7733.51,2025-07-26,2025-09-06
CUST_0094,BANK_4,23,2280.383043,52448.81,40.8,6749.5,2025-07-27,2025-09-07
CUST_0144,BANK_3,29,1805.747586,52366.68,85.2,7559.68,2025-07-26,2025-09-09
CUST_0071,BANK_1,28,1869.296429,52340.3,75.87,9017.53,2025-07-27,2025-09-08
CUST_0053,BANK_3,22,2376.617727,52285.59,141.26,11751.38,2025-07-28,2025-09-06
CUST_0060,BANK_4,29,1800.575517,52216.69,53.56,6638.5,2025-07-26,2025-09-06
CUST_0014,BANK_1,28,1862.856071,52159.97,3.67,10583.06,2025-07-27,2025-09-09
CUST_0078,BANK_1,22,2368.155909,52099.43,26.71,12509.63,2025-07-27,2025-09-07
CUST_0199,BANK_4,28,1860.559643,52095.67,205.43,5865.19,2025-07-26,2025-09-08
CUST_0072,BANK_1,25,2083.7488,52093.72,59.17,6905.89,2025-08-02,2025-09-08
CUST_0001,BANK_3,28,1859.874286,52076.48,72.12,5244.94,2025-07-29,2025-09-09
CUST_0120,BANK_5,29,1795.597931,52072.34,27.26,7649.93,2025-07-26,2025-09-08
CUST_0056,BANK_5,24,2166.8825,52005.18,66.57,8521.44,2025-07-28,2025-09-08
CUST_0005,BANK_4,25,2078.8668,51971.67,23.34,7571.75,2025-07-29,2025-09-05
CUST_0016,BANK_3,30,1731.289667,51938.69,6.15,5096.19,2025-07-27,2025-09-08
CUST_0164,BANK_1,26,1992.997692,51817.94,209.64,6848.72,2025-07-30,2025-08-31
CUST_0018,BANK_1,23,2252.496522,51807.42,182.39,11639.0,2025-07-27,2025-09-09
CUST_0118,BANK_5,26,1989.905769,51737.55,312.05,5358.94,2025-07-28,2025-09-09
CUST_0129,BANK_5,31,1667.915161,51705.37,11.64,6560.89,2025-07-27,2025-09-09
CUST_0131,BANK_3,30,1719.860667,51595.82,64.99,5740.11,2025-07-27,2025-09-07
CUST_0089,BANK_4,24,2149.258333,51582.2,146.17,8493.2,2025-07-26,2025-09-06
CUST_0193,BANK_2,29,1778.414828,51574.03,82.65,7028.76,2025-07-26,2025-09-06
CUST_0138,BANK_2,33,1562.834848,51573.55,16.92,6595.88,2025-07-29,2025-09-09
CUST_0051,BANK_2,23,2240.996957,51542.93,64.99,6884.39,2025-07-27,2025-09-08
CUST_0139,BANK_4,29,1776.473793,51517.74,59.7,5827.05,2025-07-27,2025-09-06
CUST_0193,BANK_3,34,1514.347059,51487.8,4.37,5677.49,2025-07-26,2025-09-08
CUST_0070,BANK_4,24,2144.417083,51466.01,53.21,8098.27,2025-07-29,2025-09-07
CUST_0055,BANK_3,29,1774.301724,51454.75,14.92,6825.7,2025-07-27,2025-09-09
CUST_0173,BANK_4,28,1836.6625,51426.55,37.05,7940.48,2025-07-26,2025-09-08
CUST_0019,BANK_3,24,2141.59125,51398.19,40.46,6500.66,2025-07-28,2025-09-09
CUST_0087,BANK_4,34,1511.429412,51388.6,21.77,5221.38,2025-07-27,2025-09-06
CUST_0113,BANK_2,22,2335.149545,51373.29,677.45,5674.51,2025-07-27,2025-09-09
CUST_0110,BANK_4,23,2233.08087,51360.86,63.68,7854.27,2025-07-26,2025-09-06
CUST_0023,BANK_5,24,2139.207083,51340.97,133.3,6145.82,2025-07-27,2025-09-08
CUST_0106,BANK_1,25,2052.574,51314.35,24.82,7095.69,2025-07-27,2025-09-04
CUST_0145,BANK_3,23,2230.477826,51300.99,123.41,8440.13,2025-07-28,2025-09-07
CUST_0023,BANK_3,21,2440.264762,51245.56,226.91,9347.02,2025-07-28,2025-09-09
CUST_0038,BANK_3,24,2135.200833,51244.82,46.87,9314.54,2025-07-29,2025-09-04
CUST_0041,BANK_2,31,1652.096452,51214.99,27.08,9930.71,2025-07-27,2025-09-07
CUST_0184,BANK_4,25,2048.3196,51207.99,39.13,7044.82,2025-07-26,2025-09-04
CUST_0162,BANK_4,32,1599.711875,51190.78,16.31,6311.04,2025-07-29,2025-09-07
CUST_0087,BANK_1,18,2843.786111,51188.15,407.66,5766.75,2025-07-29,2025-09-05
CUST_0069,BANK_1,21,2436.94619,51175.87,251.17,8108.93,2025-07-26,2025-09-06
CUST_0126,BANK_5,29,1763.931034,51154.0,41.87,5330.33,2025-07-28,2025-09-09
CUST_0010,BANK_3,29,1763.083793,51129.43,111.08,6149.38,2025-07-28,2025-09-08
CUST_0082,BANK_4,24,2127.905417,51069.73,131.81,6488.28,2025-07-27,2025-09-07
CUST_0019,BANK_1,29,1760.619655,51057.97,6.18,7473.37,2025-07-30,2025-09-07
CUST_0128,BANK_2,27,1890.239259,51036.46,111.34,6768.72,2025-07-30,2025-09-09
CUST_0024,BANK_1,22,2318.671364,51010.77,37.94,12806.64,2025-07-28,2025-09-09
CUST_0149,BANK_1,29,1758.449655,50995.04,49.04,7048.1,2025-07-30,2025-09-06
CUST_0171,BANK_3,26,1961.343077,50994.92,104.43,9461.54,2025-07-27,2025-09-08
CUST_0095,BANK_3,25,2039.6432,50991.08,86.54,14027.68,2025-07-27,2025-09-08
CUST_0089,BANK_3,23,2214.861304,50941.81,108.4,6371.03,2025-07-27,2025-09-08
CUST_0194,BANK_3,26,1958.571538,50922.86,9.62,6864.16,2025-07-27,2025-09-07
CUST_0018,BANK_4,30,1697.296667,50918.9,36.63,5316.2,2025-07-28,2025-09-04
CUST_0120,BANK_3,26,1957.313077,50890.14,102.37,11532.43,2025-08-01,2025-09-08
CUST_0016,BANK_4,32,1589.6625,50869.2,65.42,4314.46,2025-07-29,2025-09-06
CUST_0167,BANK_4,21,2421.483333,50851.15,607.97,6345.79,2025-07-28,2025-09-06
CUST_0013,BANK_4,27,1882.721852,50833.49,62.43,11390.85,2025-07-29,2025-09-07
CUST_0006,BANK_4,22,2307.745,50770.39,5.72,7352.44,2025-07-27,2025-09-09
CUST_0086,BANK_4,26,1952.221923,50757.77,73.59,5229.21,2025-07-26,2025-09-07
CUST_0067,BANK_4,31,1635.801613,50709.85,44.41,6598.53,2025-07-26,2025-09-08
CUST_0083,BANK_3,31,1635.479032,50699.85,58.79,6030.04,2025-07-27,2025-09-07
CUST_0110,BANK_2,32,1582.295938,50633.47,61.61,6347.26,2025-07-26,2025-09-04
CUST_0158,BANK_5,26,1946.386923,50606.06,86.42,7617.36,2025-08-01,2025-09-08
CUST_0065,BANK_2,25,2023.7192,50592.98,155.35,6456.98,2025-07-27,2025-09-05
CUST_0186,BANK_5,24,2105.3475,50528.34,12.51,6670.47,2025-07-26,2025-09-08
CUST_0194,BANK_2,25,2020.5536,50513.84,18.38,7475.28,2025-07-27,2025-09-09
CUST_0193,BANK_4,29,1740.611724,50477.74,53.42,8377.61,2025-07-26,2025-09-06
CUST_0018,BANK_5,25,2017.6156,50440.39,113.9,8966.65,2025-07-28,2025-09-07
CUST_0199,BANK_5,23,2193.045217,50440.04,30.34,15686.25,2025-07-26,2025-09-08
CUST_0046,BANK_3,32,1569.419063,50221.41,40.77,5292.2,2025-07-27,2025-09-07
CUST_0059,BANK_3,30,1673.042,50191.26,1.34,6260.45,2025-07-27,2025-09-08
CUST_0045,BANK_1,22,2273.770909,50022.96,1.29,6053.0,2025-07-27,2025-09-08
CUST_0014,BANK_4,29,1720.002069,49880.06,6.39,8135.45,2025-07-27,2025-09-08
CUST_0169,BANK_2,31,1607.636452,49836.73,27.3,7107.16,2025-07-26,2025-09-07
CUST_0081,BANK_5,24,2076.19625,49828.71,50.44,5629.7,2025-07-31,2025-09-04
CUST_0030,BANK_4,22,2257.993182,49675.85,53.99,7480.58,2025-07-26,2025-09-08
CUST_0105,BANK_4,30,1654.175,49625.25,49.55,4499.31,2025-07-27,2025-09-08
CUST_0151,BANK_2,25,1984.6252,49615.63,245.31,4291.35,2025-07-30,2025-09-08
CUST_0066,BANK_4,27,1836.31,49580.37,16.92,7685.62,2025-07-27,2025-09-07
CUST_0162,BANK_2,27,1836.057778,49573.56,3.93,6632.24,2025-07-27,2025-09-09
CUST_0181,BANK_1,19,2607.511579,49542.72,445.57,6734.0,2025-07-27,2025-09-07
CUST_0169,BANK_3,20,2475.6085,49512.17,156.73,5250.54,2025-07-27,2025-09-08
CUST_0103,BANK_5,25,1980.3964,49509.91,13.86,5080.28,2025-07-27,2025-09-07
CUST_0027,BANK_5,31,1596.796452,49500.69,11.37,5340.06,2025-07-26,2025-09-06
CUST_0019,BANK_2,24,2061.075,49465.8,33.36,8618.85,2025-07-27,2025-09-06
CUST_0135,BANK_1,25,1978.17,49454.25,81.08,6867.42,2025-07-28,2025-08-25
CUST_0050,BANK_1,25,1976.5844,49414.61,208.42,5444.26,2025-07-27,2025-09-06
CUST_0039,BANK_1,25,1975.1568,49378.92,175.04,5062.92,2025-07-26,2025-09-08
CUST_0130,BANK_1,31,1591.907742,49349.14,82.09,5853.9,2025-07-30,2025-09-08
CUST_0137,BANK_2,22,2238.663182,49250.59,197.18,7369.22,2025-07-27,2025-09-08
CUST_0058,BANK_5,27,1822.535556,49208.46,77.68,7567.42,2025-07-27,2025-09-08
CUST_0115,BANK_1,26,1882.547692,48946.24,65.82,5002.53,2025-07-26,2025-09-07
CUST_0165,BANK_3,35,1398.140286,48934.91,6.0,6568.2,2025-07-26,2025-09-08
CUST_0072,BANK_2,26,1881.283077,48913.36,10.59,7975.08,2025-08-03,2025-09-08
CUST_0044,BANK_5,24,2037.889167,48909.34,75.01,6618.5,2025-07-26,2025-09-08
CUST_0024,BANK_2,30,1628.351,48850.53,25.5,5807.64,2025-07-27,2025-09-08
CUST_0096,BANK_3,25,1952.1464,48803.66,153.96,4438.42,2025-07-29,2025-09-06
CUST_0170,BANK_4,27,1807.118148,48792.19,126.09,7781.08,2025-07-28,2025-09-08
CUST_0100,BANK_2,26,1875.468462,48762.18,4.02,9816.54,2025-07-28,2025-09-08
CUST_0106,BANK_2,24,2030.487917,48731.71,63.61,8379.35,2025-07-29,2025-09-07
CUST_0156,BANK_4,28,1738.775714,48685.72,44.65,8872.86,2025-07-26,2025-09-08
CUST_0198,BANK_4,25,1946.9588,48673.97,76.9,7676.35,2025-07-28,2025-09-08
CUST_0071,BANK_4,25,1946.5764,48664.41,96.28,8543.78,2025-07-29,2025-09-04
CUST_0112,BANK_4,24,2027.52875,48660.69,190.48,5856.8,2025-07-27,2025-09-01
CUST_0111,BANK_5,21,2315.721905,48630.16,44.7,9084.6,2025-07-27,2025-09-08
CUST_0004,BANK_1,20,2430.835,48616.7,13.07,8359.92,2025-07-26,2025-09-03
CUST_0173,BANK_3,26,1868.118462,48571.08,11.49,9385.64,2025-07-28,2025-09-05
CUST_0002,BANK_4,24,2021.436667,48514.48,50.68,7511.49,2025-07-27,2025-09-07
CUST_0172,BANK_3,26,1864.540769,48478.06,36.09,7369.83,2025-07-27,2025-09-04
CUST_0175,BANK_2,23,2105.856957,48434.71,158.87,6207.73,2025-07-29,2025-09-07
CUST_0012,BANK_2,27,1793.683704,48429.46,208.34,6119.29,2025-07-30,2025-09-08
CUST_0121,BANK_3,22,2200.095455,48402.1,167.01,8008.34,2025-07-30,2025-09-08
CUST_0106,BANK_4,25,1934.962,48374.05,5.98,6455.57,2025-07-26,2025-09-05
CUST_0051,BANK_3,27,1790.427778,48341.55,99.69,6728.66,2025-07-29,2025-09-08
CUST_0016,BANK_1,28,1724.353214,48281.89,86.77,8946.72,2025-07-30,2025-09-06
CUST_0071,BANK_2,28,1721.708214,48207.83,24.37,6505.42,2025-07-26,2025-09-07
CUST_0169,BANK_4,33,1459.973636,48179.13,27.67,5594.75,2025-07-29,2025-09-08
CUST_0199,BANK_2,28,1720.678929,48179.01,18.88,5349.06,2025-07-26,2025-09-08
CUST_0112,BANK_1,22,2189.396818,48166.73,51.86,5973.79,2025-07-29,2025-09-07
CUST_0120,BANK_4,16,3010.038125,48160.61,410.0,11167.48,2025-07-27,2025-09-06
CUST_0090,BANK_1,19,2532.963158,48126.3,179.16,6347.07,2025-08-01,2025-08-31
CUST_0118,BANK_3,26,1849.328846,48082.55,250.32,6742.38,2025-07-28,2025-09-07
CUST_0087,BANK_3,22,2179.39,47946.58,4.04,8680.51,2025-07-28,2025-09-08
CUST_0075,BANK_3,19,2522.147368,47920.8,96.22,12221.4,2025-07-27,2025-09-08
CUST_0157,BANK_3,26,1840.437692,47851.38,42.19,7182.3,2025-07-27,2025-09-08
CUST_0111,BANK_1,22,2172.293182,47790.45,119.15,5783.1,2025-07-27,2025-09-04
CUST_0029,BANK_4,28,1706.78,47789.84,9.37,7474.04,2025-08-02,2025-09-08
CUST_0141,BANK_3,25,1911.5696,47789.24,191.62,5241.13,2025-07-28,2025-09-06
CUST_0090,BANK_4,26,1836.01,47736.26,59.21,7389.87,2025-07-29,2025-09-07
CUST_0034,BANK_5,21,2267.971905,47627.41,18.25,5700.15,2025-07-29,2025-09-08
CUST_0038,BANK_1,28,1698.2975,47552.33,68.52,7855.95,2025-07-26,2025-09-07
CUST_0145,BANK_2,24,1980.728333,47537.48,61.98,10612.16,2025-07-27,2025-09-08
CUST_0114,BANK_3,26,1825.645769,47466.79,83.04,7660.32,2025-07-26,2025-09-09
CUST_0026,BANK_5,27,1757.736296,47458.88,54.92,7205.43,2025-07-27,2025-09-08
CUST_0082,BANK_1,27,1754.91037,47382.58,46.92,6644.46,2025-07-29,2025-09-09
CUST_0132,BANK_5,20,2365.974,47319.48,53.39,8314.33,2025-07-31,2025-09-09
CUST_0041,BANK_4,20,2363.398,47267.96,43.2,11351.35,2025-07-26,2025-09-04
CUST_0086,BANK_1,28,1685.980714,47207.46,79.88,6610.09,2025-07-27,2025-09-05
CUST_0106,BANK_5,26,1814.853462,47186.19,286.37,5738.31,2025-07-27,2025-09-03
CUST_0174,BANK_1,21,2246.070476,47167.48,112.79,7121.84,2025-07-27,2025-09-09
CUST_0042,BANK_4,27,1746.822222,47164.2,29.58,6464.64,2025-07-29,2025-09-09
CUST_0174,BANK_5,21,2244.37619,47131.9,76.1,6963.22,2025-07-26,2025-09-04
CUST_0009,BANK_5,30,1570.700333,47121.01,3.71,6700.48,2025-07-30,2025-09-08
CUST_0077,BANK_3,28,1681.935357,47094.19,5.56,8005.46,2025-07-26,2025-09-08
CUST_0044,BANK_3,31,1517.391613,47039.14,9.79,5426.15,2025-07-26,2025-09-08
CUST_0097,BANK_2,23,2045.159565,47038.67,164.24,7725.66,2025-07-27,2025-09-09
CUST_0061,BANK_5,23,2042.434783,46976.0,65.31,6598.86,2025-07-27,2025-09-09
CUST_0102,BANK_4,24,1957.202083,46972.85,36.66,7766.38,2025-07-31,2025-09-08
CUST_0041,BANK_1,22,2133.191364,46930.21,64.28,5387.93,2025-07-26,2025-09-07
CUST_0032,BANK_2,30,1562.793667,46883.81,25.06,4543.64,2025-07-27,2025-09-06
CUST_0175,BANK_1,24,1952.184167,46852.42,21.73,5552.83,2025-07-27,2025-09-05
CUST_0068,BANK_1,21,2230.663333,46843.93,146.31,6045.54,2025-07-29,2025-09-09
CUST_0148,BANK_3,22,2123.123182,46708.71,199.1,7171.27,2025-07-27,2025-09-08
CUST_0187,BANK_2,25,1867.7324,46693.31,69.25,6241.75,2025-07-26,2025-09-09
CUST_0078,BANK_4,23,2028.253043,46649.82,111.23,5682.15,2025-07-29,2025-09-08
CUST_0055,BANK_4,30,1553.809667,46614.29,93.07,6647.09,2025-07-28,2025-09-06
CUST_0123,BANK_2,31,1500.787097,46524.4,96.5,7188.02,2025-07-29,2025-09-05
CUST_0110,BANK_5,26,1786.960385,46460.97,38.74,8409.99,2025-07-28,2025-09-08
CUST_0048,BANK_2,30,1547.5,46425.0,69.52,7212.1,2025-07-29,2025-09-08
CUST_0030,BANK_3,26,1785.449615,46421.69,36.7,6433.36,2025-07-27,2025-09-07
CUST_0088,BANK_3,32,1449.801875,46393.66,89.18,5248.77,2025-07-28,2025-09-07
CUST_0059,BANK_2,31,1495.220645,46351.84,44.05,6332.31,2025-07-26,2025-09-09
CUST_0108,BANK_3,21,2203.397143,46271.34,25.46,5638.48,2025-07-28,2025-09-07
CUST_0059,BANK_1,29,1595.416207,46267.07,25.99,5252.08,2025-07-26,2025-08-31
CUST_0133,BANK_1,23,2011.219565,46258.05,26.05,11385.55,2025-07-27,2025-09-02
CUST_0106,BANK_3,23,2008.49087,46195.29,106.04,7390.11,2025-07-28,2025-09-05
CUST_0036,BANK_2,24,1922.8825,46149.18,71.11,6012.64,2025-07-28,2025-09-05
CUST_0020,BANK_5,24,1921.418333,46114.04,132.54,6438.25,2025-07-29,2025-09-08
CUST_0115,BANK_2,21,2194.551905,46085.59,103.98,6633.46,2025-07-29,2025-09-08
CUST_0097,BANK_5,30,1535.042667,46051.28,65.67,6554.19,2025-07-26,2025-09-08
CUST_0050,BANK_3,25,1840.1144,46002.86,69.95,6686.82,2025-07-30,2025-09-08
CUST_0015,BANK_2,23,2000.043478,46001.0,28.32,5406.34,2025-07-29,2025-09-06
CUST_0060,BANK_2,25,1839.7532,45993.83,20.77,6094.02,2025-07-28,2025-09-05
CUST_0125,BANK_3,20,2298.169,45963.38,170.27,10420.31,2025-08-02,2025-09-06
CUST_0090,BANK_2,25,1838.4652,45961.63,24.96,6259.88,2025-07-27,2025-09-04
CUST_0138,BANK_5,27,1700.98,45926.46,18.72,5668.7,2025-07-27,2025-09-08
CUST_0197,BANK_4,22,2086.640909,45906.1,49.21,11278.74,2025-07-28,2025-09-06
CUST_0170,BANK_2,24,1910.317917,45847.63,219.11,8241.42,2025-07-29,2025-09-09
CUST_0047,BANK_1,20,2291.206,45824.12,188.12,9939.38,2025-07-27,2025-09-07
CUST_0037,BANK_4,24,1903.65625,45687.75,74.4,7564.88,2025-07-27,2025-09-07
CUST_0102,BANK_2,24,1903.02625,45672.63,30.73,8200.31,2025-07-27,2025-09-07
CUST_0176,BANK_1,30,1521.519667,45645.59,45.66,6466.17,2025-07-29,2025-09-05
CUST_0161,BANK_4,25,1825.0464,45626.16,39.22,5314.65,2025-07-27,2025-09-08
CUST_0012,BANK_1,21,2170.531429,45581.16,89.13,4530.33,2025-07-26,2025-09-05
CUST_0128,BANK_3,17,2679.772353,45556.13,186.38,6462.77,2025-07-29,2025-09-03
CUST_0197,BANK_5,28,1625.683929,45519.15,20.7,6013.36,2025-07-27,2025-09-08
CUST_0124,BANK_2,23,1975.689565,45440.86,85.52,5817.6,2025-07-27,2025-09-07
CUST_0078,BANK_3,28,1622.037857,45417.06,68.9,5345.72,2025-07-29,2025-09-07
CUST_0114,BANK_5,22,2062.6,45377.2,70.92,8170.69,2025-07-31,2025-09-09
CUST_0032,BANK_4,28,1619.971429,45359.2,71.33,7308.26,2025-07-27,2025-09-07
CUST_0088,BANK_2,25,1813.7376,45343.44,145.95,7896.56,2025-07-27,2025-09-08
CUST_0018,BANK_2,23,1970.945217,45331.74,70.71,4606.24,2025-07-26,2025-09-08
CUST_0129,BANK_2,26,1740.516538,45253.43,18.43,5565.8,2025-07-27,2025-09-08
CUST_0117,BANK_4,27,1675.131481,45228.55,65.29,5464.98,2025-07-26,2025-09-04
CUST_0104,BANK_3,29,1559.412414,45222.96,84.97,4664.36,2025-07-27,2025-09-03
CUST_0060,BANK_3,30,1506.075667,45182.27,32.79,7714.99,2025-07-26,2025-09-07
CUST_0098,BANK_3,31,1456.424516,45149.16,29.29,4936.22,2025-07-26,2025-09-06
CUST_0140,BANK_4,27,1672.11963,45147.23,6.77,4810.76,2025-07-27,2025-09-07
CUST_0023,BANK_2,29,1556.146207,45128.24,27.44,5586.23,2025-07-28,2025-09-08
CUST_0195,BANK_2,23,1961.623478,45117.34,14.2,5166.9,2025-07-30,2025-09-09
CUST_0062,BANK_4,30,1503.362,45100.86,58.68,4324.28,2025-07-26,2025-09-07
CUST_0138,BANK_3,25,1802.2812,45057.03,13.43,4514.87,2025-07-27,2025-09-09
CUST_0121,BANK_2,28,1607.268571,45003.52,15.12,5034.34,2025-07-28,2025-09-09
CUST_0033,BANK_1,26,1730.236538,44986.15,56.69,7241.13,2025-07-28,2025-09-09
CUST_0086,BANK_2,20,2249.139,44982.78,41.62,13168.31,2025-07-28,2025-09-08
CUST_0071,BANK_5,31,1450.396129,44962.28,29.14,5282.33,2025-07-27,2025-09-09
CUST_0151,BANK_5,25,1798.164,44954.1,428.23,6034.76,2025-07-26,2025-09-08
CUST_0024,BANK_4,20,2240.557,44811.14,82.08,12684.91,2025-07-26,2025-09-05
CUST_0181,BANK_4,25,1791.3012,44782.53,45.63,8158.11,2025-07-27,2025-09-07
CUST_0097,BANK_3,25,1790.6588,44766.47,70.16,6301.57,2025-07-27,2025-09-07
CUST_0124,BANK_1,19,2354.244737,44730.65,33.77,10996.63,2025-07-27,2025-09-04
CUST_0053,BANK_1,22,2033.125455,44728.76,88.46,9758.81,2025-07-31,2025-09-07
CUST_0095,BANK_5,18,2481.437778,44665.88,30.37,8704.34,2025-07-31,2025-09-07
CUST_0031,BANK_2,29,1539.297586,44639.63,20.53,9340.09,2025-07-26,2025-09-08
CUST_0047,BANK_5,24,1859.425833,44626.22,157.38,10467.51,2025-07-26,2025-09-09
CUST_0075,BANK_1,13,3421.197692,44475.57,571.31,6003.92,2025-07-28,2025-08-30
CUST_0141,BANK_2,23,1933.374348,44467.61,4.95,5728.4,2025-07-27,2025-09-07
CUST_0156,BANK_1,27,1646.150741,44446.07,75.75,4337.29,2025-07-27,2025-09-08
CUST_0103,BANK_2,24,1851.83125,44443.95,76.22,7653.85,2025-07-26,2025-09-08
CUST_0025,BANK_4,23,1926.902174,44318.75,27.8,6112.85,2025-07-26,2025-09-04
CUST_0134,BANK_3,26,1699.860769,44196.38,11.07,6672.04,2025-07-29,2025-09-08
CUST_0033,BANK_4,26,1696.784615,44116.4,168.52,6549.98,2025-07-28,2025-09-07
CUST_0105,BANK_5,23,1917.824783,44109.97,98.62,10803.67,2025-07-27,2025-09-06
CUST_0068,BANK_4,27,1633.36,44100.72,25.42,7295.69,2025-07-27,2025-09-06
CUST_0098,BANK_1,20,2202.65,44053.0,87.51,5426.66,2025-07-27,2025-09-08
CUST_0156,BANK_2,25,1761.63,44040.75,107.75,5799.79,2025-07-26,2025-09-08
CUST_0182,BANK_4,25,1760.2672,44006.68,24.09,6861.28,2025-07-26,2025-09-05
CUST_0006,BANK_1,22,2000.243182,44005.35,44.06,5186.61,2025-07-26,2025-09-02
CUST_0109,BANK_1,25,1758.404,43960.1,23.76,7896.79,2025-07-27,2025-09-07
CUST_0193,BANK_1,24,1830.182917,43924.39,177.78,10067.75,2025-07-30,2025-09-08
CUST_0132,BANK_3,19,2308.942632,43869.91,206.01,7094.96,2025-07-27,2025-09-05
CUST_0167,BANK_5,31,1414.929032,43862.8,28.01,4910.73,2025-07-28,2025-09-08
CUST_0054,BANK_3,24,1825.498333,43811.96,327.33,5316.21,2025-07-27,2025-09-09
CUST_0175,BANK_5,31,1412.527419,43788.35,38.13,6953.1,2025-07-27,2025-09-09
CUST_0045,BANK_4,30,1459.088333,43772.65,7.53,8242.31,2025-07-27,2025-09-08
CUST_0025,BANK_3,23,1902.68913,43761.85,72.44,5415.19,2025-07-29,2025-09-06
CUST_0039,BANK_5,25,1749.7432,43743.58,11.77,6624.84,2025-07-27,2025-09-09
CUST_0007,BANK_1,19,2301.973158,43737.49,178.06,16997.06,2025-07-27,2025-09-07
CUST_0088,BANK_1,25,1749.292,43732.3,55.07,4857.64,2025-07-26,2025-09-06
CUST_0104,BANK_4,21,2082.147619,43725.1,12.75,8777.5,2025-07-29,2025-09-08
CUST_0118,BANK_2,24,1820.159167,43683.82,63.77,8576.53,2025-07-27,2025-09-09
CUST_0107,BANK_2,21,2079.255714,43664.37,75.36,13641.42,2025-07-27,2025-09-06
CUST_0149,BANK_5,29,1505.223448,43651.48,10.08,7496.75,2025-07-27,2025-09-07
CUST_0197,BANK_1,26,1678.533077,43641.86,63.0,8337.48,2025-07-27,2025-09-08
CUST_0146,BANK_1,26,1677.474615,43614.34,319.42,4513.17,2025-07-26,2025-09-01
CUST_0035,BANK_5,23,1896.04,43608.92,79.22,8269.52,2025-07-28,2025-09-04
CUST_0132,BANK_1,23,1894.801739,43580.44,110.48,5003.17,2025-07-26,2025-09-06
CUST_0045,BANK_5,23,1890.04913,43471.13,148.16,9259.81,2025-07-28,2025-09-08
CUST_0094,BANK_3,26,1670.982692,43445.55,36.0,6783.66,2025-07-28,2025-09-08
CUST_0024,BANK_3,22,1973.890455,43425.59,122.13,9713.73,2025-07-26,2025-09-04
CUST_0055,BANK_1,24,1807.3775,43377.06,70.66,10467.72,2025-07-29,2025-09-03
CUST_0176,BANK_2,15,2886.06,43290.9,499.51,10940.5,2025-07-27,2025-09-03
CUST_0190,BANK_5,18,2404.015,43272.27,91.79,12583.93,2025-07-26,2025-09-08
CUST_0185,BANK_4,23,1880.803913,43258.49,5.84,9304.7,2025-07-27,2025-09-06
CUST_0095,BANK_1,23,1880.71913,43256.54,66.46,10390.71,2025-07-28,2025-09-08
CUST_0087,BANK_2,24,1801.43875,43234.53,7.93,8077.72,2025-07-31,2025-09-07
CUST_0172,BANK_4,23,1876.16,43151.68,12.76,5044.55,2025-07-27,2025-09-09
CUST_0126,BANK_3,25,1725.7808,43144.52,47.99,4944.86,2025-07-26,2025-09-08
CUST_0077,BANK_1,26,1659.290385,43141.55,18.68,4741.16,2025-07-27,2025-09-08
CUST_0191,BANK_5,29,1486.706897,43114.5,61.59,4485.61,2025-07-26,2025-09-09
CUST_0152,BANK_4,26,1657.048462,43083.26,22.46,7924.51,2025-07-26,2025-09-05
CUST_0179,BANK_4,31,1389.055484,43060.72,6.0,6041.63,2025-07-27,2025-09-08
CUST_0051,BANK_5,31,1387.234516,43004.27,103.81,6520.01,2025-07-27,2025-09-08
CUST_0143,BANK_5,23,1866.511304,42929.76,185.4,6144.68,2025-07-28,2025-09-08
CUST_0159,BANK_3,17,2523.075882,42892.29,3.9,7398.7,2025-07-27,2025-09-02
CUST_0045,BANK_3,29,1473.776897,42739.53,6.8,4232.4,2025-07-28,2025-09-09
CUST_0133,BANK_4,24,1779.865833,42716.78,11.09,10654.02,2025-07-29,2025-09-06
CUST_0012,BANK_3,28,1523.293214,42652.21,68.59,3984.6,2025-07-27,2025-09-08
CUST_0080,BANK_2,21,2030.451429,42639.48,44.88,7561.89,2025-07-27,2025-09-06
CUST_0043,BANK_3,30,1416.149,42484.47,11.36,5108.11,2025-07-27,2025-09-09
CUST_0195,BANK_5,23,1846.785652,42476.07,42.48,6908.35,2025-07-26,2025-09-06
CUST_0119,BANK_3,18,2357.187222,42429.37,343.64,9814.28,2025-07-27,2025-09-08
CUST_0046,BANK_1,26,1631.720385,42424.73,35.97,5116.57,2025-07-26,2025-09-08
CUST_0150,BANK_5,24,1765.334167,42368.02,9.62,6737.61,2025-07-28,2025-09-05
CUST_0056,BANK_3,23,1841.700435,42359.11,32.69,3866.73,2025-07-27,2025-09-08
CUST_0183,BANK_2,28,1510.372857,42290.44,64.93,5389.37,2025-07-29,2025-09-08
CUST_0186,BANK_2,28,1509.817143,42274.88,13.33,3737.46,2025-07-29,2025-09-09
CUST_0036,BANK_5,23,1837.556957,42263.81,37.88,12287.61,2025-07-28,2025-09-07
CUST_0127,BANK_1,28,1508.665357,42242.63,41.97,7023.33,2025-07-27,2025-09-08
CUST_0083,BANK_2,22,1919.421364,42227.27,9.9,9961.4,2025-07-26,2025-09-06
CUST_0176,BANK_5,29,1455.502069,42209.56,92.64,6127.08,2025-07-28,2025-09-08
CUST_0004,BANK_5,30,1405.141333,42154.24,3.75,4208.92,2025-07-26,2025-09-07
CUST_0147,BANK_4,26,1621.197692,42151.14,91.64,6718.5,2025-07-29,2025-09-05
CUST_0031,BANK_5,27,1559.552222,42107.91,25.35,6533.35,2025-07-27,2025-09-08
CUST_0127,BANK_4,20,2099.537,41990.74,230.21,8067.99,2025-07-27,2025-09-07
CUST_0026,BANK_3,29,1447.023448,41963.68,40.79,6983.37,2025-07-28,2025-09-08
CUST_0015,BANK_5,23,1822.552174,41918.7,11.43,8663.96,2025-07-27,2025-09-04
CUST_0092,BANK_2,31,1351.153871,41885.77,14.12,4059.77,2025-07-29,2025-09-08
CUST_0097,BANK_1,29,1441.00931,41789.27,34.45,5333.9,2025-07-27,2025-09-04
CUST_0094,BANK_5,23,1815.336087,41752.73,12.03,5712.35,2025-07-27,2025-09-09
CUST_0133,BANK_3,31,1346.081935,41728.54,5.97,6283.56,2025-07-27,2025-09-08
CUST_0195,BANK_1,25,1665.018,41625.45,20.33,4986.48,2025-07-27,2025-09-08
CUST_0142,BANK_1,26,1599.04,41575.04,9.27,5616.05,2025-07-30,2025-09-09
CUST_0090,BANK_5,26,1597.736538,41541.15,61.53,4856.14,2025-07-26,2025-09-06
CUST_0129,BANK_1,28,1481.814286,41490.8,16.12,6529.43,2025-07-26,2025-09-07
CUST_0122,BANK_3,24,1728.6475,41487.54,6.03,6923.62,2025-07-27,2025-09-07
CUST_0113,BANK_4,22,1885.794091,41487.47,30.59,5709.23,2025-07-26,2025-09-07
CUST_0137,BANK_4,25,1659.2124,41480.31,45.17,6573.77,2025-07-27,2025-09-06
CUST_0136,BANK_1,24,1726.502917,41436.07,47.64,8979.76,2025-07-26,2025-09-03
CUST_0180,BANK_3,27,1530.062222,41311.68,98.25,4599.49,2025-07-26,2025-09-07
CUST_0003,BANK_1,24,1720.45125,41290.83,20.98,4187.52,2025-07-26,2025-09-07
CUST_0123,BANK_3,26,1587.464231,41274.07,26.04,5004.48,2025-07-28,2025-09-07
CUST_0163,BANK_1,20,2060.9975,41219.95,370.55,9140.66,2025-07-28,2025-09-05
CUST_0059,BANK_5,18,2288.812778,41198.63,20.73,5618.28,2025-07-30,2025-09-07
CUST_0052,BANK_2,28,1467.903214,41101.29,3.7,5550.48,2025-07-27,2025-09-07
CUST_0028,BANK_5,26,1580.459615,41091.95,11.48,7733.93,2025-08-01,2025-09-08
CUST_0163,BANK_2,22,1867.230455,41079.07,56.89,5714.03,2025-07-28,2025-09-08
CUST_0165,BANK_2,27,1519.447407,41025.08,16.88,5333.82,2025-07-26,2025-09-07
CUST_0026,BANK_2,28,1463.756071,40985.17,35.58,9657.23,2025-07-27,2025-09-09
CUST_0073,BANK_5,21,1951.07381,40972.55,9.79,5276.62,2025-07-26,2025-09-08
CUST_0091,BANK_4,21,1944.01,40824.21,166.14,5314.84,2025-07-27,2025-09-08
CUST_0151,BANK_1,20,2035.3165,40706.33,65.0,8502.89,2025-07-30,2025-09-08
CUST_0130,BANK_3,21,1934.688095,40628.45,111.68,8433.85,2025-07-27,2025-09-08
CUST_0076,BANK_2,23,1765.048261,40596.11,52.42,6691.0,2025-07-31,2025-09-08
CUST_0015,BANK_3,26,1561.337308,40594.77,3.42,6690.67,2025-07-26,2025-09-09
CUST_0190,BANK_1,30,1346.446,40393.38,127.14,4526.57,2025-07-28,2025-09-08
CUST_0054,BANK_4,31,1301.805161,40355.96,20.89,4512.36,2025-07-26,2025-09-06
CUST_0126,BANK_2,21,1906.975714,40046.49,224.24,6796.84,2025-07-29,2025-09-07
CUST_0160,BANK_1,19,2107.572632,40043.88,70.11,7048.94,2025-07-31,2025-09-02
CUST_0109,BANK_5,21,1904.732857,39999.39,78.23,5833.15,2025-07-27,2025-09-07
CUST_0200,BANK_4,26,1537.534615,39975.9,7.58,4677.76,2025-07-26,2025-09-09
CUST_0063,BANK_5,18,2218.726667,39937.08,73.16,8384.81,2025-08-02,2025-09-09
CUST_0017,BANK_3,22,1810.476818,39830.49,59.41,8544.0,2025-07-27,2025-09-04
CUST_0116,BANK_2,22,1807.075,39755.65,24.12,4554.44,2025-07-26,2025-09-05
CUST_0114,BANK_4,17,2337.631765,39739.74,42.15,10514.28,2025-07-29,2025-09-05
CUST_0192,BANK_2,19,2089.267368,39696.08,25.65,9970.41,2025-07-27,2025-09-08
CUST_0013,BANK_1,26,1525.573077,39664.9,39.27,6478.4,2025-07-29,2025-09-08
CUST_0182,BANK_3,23,1717.002609,39491.06,46.12,8434.88,2025-07-28,2025-09-07
CUST_0047,BANK_3,24,1639.04625,39337.11,304.48,4647.7,2025-07-28,2025-09-08
CUST_0098,BANK_4,20,1965.612,39312.24,44.69,7976.4,2025-07-29,2025-09-06
CUST_0119,BANK_5,20,1964.889,39297.78,37.4,5433.34,2025-07-26,2025-09-08
CUST_0027,BANK_4,23,1705.752609,39232.31,21.73,11986.45,2025-07-30,2025-09-07
CUST_0076,BANK_4,26,1508.614231,39223.97,65.85,3828.54,2025-07-30,2025-09-05
CUST_0108,BANK_5,21,1866.588095,39198.35,144.22,9919.52,2025-07-26,2025-09-07
CUST_0145,BANK_4,26,1503.987308,39103.67,5.83,6022.69,2025-07-26,2025-09-04
CUST_0092,BANK_5,33,1183.776061,39064.61,49.37,5102.76,2025-07-29,2025-09-07
CUST_0119,BANK_4,31,1258.732581,39020.71,4.89,6372.65,2025-07-26,2025-09-06
CUST_0080,BANK_1,19,2053.625263,39018.88,121.49,6393.23,2025-07-26,2025-09-08
CUST_0134,BANK_4,32,1215.070938,38882.27,39.27,4835.83,2025-07-28,2025-09-07
CUST_0153,BANK_5,26,1495.461154,38881.99,73.85,4569.22,2025-07-28,2025-09-09
CUST_0194,BANK_1,22,1766.527273,38863.6,105.77,7769.94,2025-08-04,2025-09-06
CUST_0129,BANK_4,18,2157.961667,38843.31,150.39,9561.8,2025-07-26,2025-09-08
CUST_0136,BANK_2,20,1935.411,38708.22,57.38,8061.71,2025-07-27,2025-09-07
CUST_0025,BANK_5,26,1486.725385,38654.86,153.52,5779.72,2025-07-26,2025-09-06
CUST_0144,BANK_2,24,1610.04125,38640.99,24.08,5503.84,2025-07-28,2025-09-08
CUST_0152,BANK_2,27,1428.085926,38558.32,33.2,4263.7,2025-07-26,2025-09-05
CUST_0122,BANK_4,22,1749.931818,38498.5,77.05,8804.95,2025-07-30,2025-09-09
CUST_0178,BANK_1,17,2258.617647,38396.5,42.81,7804.88,2025-07-27,2025-09-07
CUST_0179,BANK_2,29,1316.454138,38177.17,30.5,3964.02,2025-07-27,2025-09-09
CUST_0104,BANK_5,24,1589.815833,38155.58,22.88,5389.53,2025-07-29,2025-09-07
CUST_0092,BANK_4,23,1642.384348,37774.84,32.28,10106.48,2025-07-26,2025-09-09
CUST_0185,BANK_1,25,1507.9712,37699.28,142.86,6534.9,2025-07-28,2025-09-08
CUST_0008,BANK_5,27,1395.042593,37666.15,137.98,6004.78,2025-07-28,2025-09-08
CUST_0096,BANK_4,16,2345.44125,37527.06,62.53,7828.92,2025-07-28,2025-09-09
CUST_0065,BANK_4,21,1785.955714,37505.07,164.41,4224.23,2025-07-26,2025-09-07
CUST_0165,BANK_1,21,1782.558571,37433.73,25.71,3796.08,2025-07-27,2025-09-08
CUST_0191,BANK_1,31,1206.189032,37391.86,49.53,4734.41,2025-07-27,2025-09-08
CUST_0064,BANK_4,26,1435.633462,37326.47,52.57,5760.83,2025-07-27,2025-09-08
CUST_0025,BANK_1,23,1620.488696,37271.24,119.44,6824.59,2025-07-29,2025-09-08
CUST_0131,BANK_5,21,1766.091905,37087.93,77.32,4663.46,2025-07-28,2025-09-08
CUST_0100,BANK_5,20,1852.5865,37051.73,42.87,8448.57,2025-08-04,2025-09-08
CUST_0052,BANK_1,27,1367.699259,36927.88,36.7,5795.31,2025-07-30,2025-09-06
CUST_0111,BANK_4,27,1356.511481,36625.81,28.69,3412.73,2025-07-26,2025-09-05
CUST_0125,BANK_4,22,1664.663636,36622.6,67.61,9461.23,2025-07-26,2025-09-08
CUST_0167,BANK_2,22,1659.84,36516.48,110.52,4733.7,2025-07-29,2025-09-08
CUST_0158,BANK_1,23,1587.422609,36510.72,14.85,8038.24,2025-07-28,2025-09-07
CUST_0061,BANK_1,26,1403.96,36502.96,7.35,3977.46,2025-07-27,2025-09-08
CUST_0064,BANK_2,19,1917.452632,36431.6,186.3,6394.47,2025-07-28,2025-09-09
CUST_0074,BANK_1,20,1819.998,36399.96,6.75,8147.87,2025-07-26,2025-09-03
CUST_0116,BANK_5,22,1648.945909,36276.81,6.85,5070.11,2025-07-28,2025-09-04
CUST_0112,BANK_5,20,1806.1655,36123.31,18.08,5846.72,2025-07-26,2025-09-06
CUST_0076,BANK_3,18,2005.355,36096.39,302.88,5772.72,2025-07-29,2025-09-08
CUST_0036,BANK_3,22,1639.435909,36067.59,240.39,6978.68,2025-07-27,2025-09-09
CUST_0128,BANK_1,21,1716.786667,36052.52,342.25,4196.9,2025-07-26,2025-09-08
CUST_0019,BANK_4,21,1705.051905,35806.09,27.76,4756.72,2025-07-28,2025-09-08
CUST_0052,BANK_4,24,1491.895833,35805.5,55.37,4094.53,2025-07-28,2025-09-07
CUST_0062,BANK_1,23,1554.994348,35764.87,29.61,5285.76,2025-07-27,2025-09-07
CUST_0103,BANK_4,19,1879.671579,35713.76,1.58,6850.57,2025-08-02,2025-09-08
CUST_0081,BANK_1,17,2096.871765,35646.82,45.51,4760.54,2025-07-27,2025-09-04
CUST_0193,BANK_5,20,1774.866,35497.32,535.45,5111.95,2025-07-29,2025-09-08
CUST_0146,BANK_5,24,1472.830833,35347.94,26.88,6130.05,2025-07-28,2025-09-07
CUST_0067,BANK_2,22,1606.42,35341.24,28.07,7803.85,2025-07-27,2025-09-07
CUST_0019,BANK_5,17,2077.148824,35311.53,91.45,7860.19,2025-07-26,2025-09-08
CUST_0133,BANK_2,23,1531.617826,35227.21,112.18,5722.31,2025-07-27,2025-09-08
CUST_0002,BANK_2,21,1676.868571,35214.24,19.44,5124.9,2025-07-29,2025-09-08
CUST_0142,BANK_2,27,1302.410741,35165.09,91.13,6805.25,2025-07-29,2025-09-08
CUST_0008,BANK_3,23,1520.083043,34961.91,34.26,8619.34,2025-07-27,2025-09-07
CUST_0028,BANK_3,21,1659.49381,34849.37,19.38,6459.49,2025-07-30,2025-09-08
CUST_0037,BANK_5,23,1513.838261,34818.28,68.69,4491.72,2025-07-30,2025-09-07
CUST_0172,BANK_2,19,1818.126316,34544.4,111.43,10248.17,2025-07-31,2025-09-04
CUST_0034,BANK_2,21,1637.939524,34396.73,121.88,5967.13,2025-07-30,2025-09-09
CUST_0002,BANK_5,19,1809.910526,34388.3,54.07,5375.63,2025-07-28,2025-09-08
CUST_0040,BANK_2,25,1375.182,34379.55,53.71,6444.37,2025-07-29,2025-09-08
CUST_0007,BANK_5,20,1717.009,34340.18,83.71,4927.52,2025-07-27,2025-09-08
CUST_0101,BANK_5,26,1318.397308,34278.33,8.5,6200.09,2025-07-27,2025-09-09
CUST_0179,BANK_3,24,1425.832917,34219.99,28.9,7327.63,2025-07-27,2025-09-09
CUST_0099,BANK_3,26,1311.138077,34089.59,0.53,6124.46,2025-07-26,2025-09-08
CUST_0010,BANK_4,19,1783.234737,33881.46,0.97,11759.51,2025-07-27,2025-09-08
CUST_0001,BANK_4,27,1229.472963,33195.77,95.8,4713.79,2025-07-26,2025-09-07
CUST_0078,BANK_5,17,1944.540588,33057.19,83.3,6839.87,2025-07-26,2025-09-07
CUST_0074,BANK_4,23,1427.200435,32825.61,2.71,6127.12,2025-07-26,2025-09-08
CUST_0101,BANK_3,22,1491.868636,32821.11,107.69,3335.06,2025-07-27,2025-09-07
CUST_0173,BANK_1,22,1490.836364,32798.4,4.45,5825.31,2025-07-29,2025-09-08
CUST_0028,BANK_2,21,1561.639524,32794.43,15.33,10457.17,2025-07-26,2025-09-09
CUST_0098,BANK_2,18,1783.937222,32110.87,231.04,3735.7,2025-07-27,2025-09-08
CUST_0107,BANK_5,22,1444.321818,31775.08,5.37,3826.22,2025-07-26,2025-09-08
CUST_0144,BANK_1,20,1583.1695,31663.39,39.13,7769.95,2025-07-26,2025-09-05
CUST_0107,BANK_1,18,1757.995,31643.91,2.42,5516.32,2025-07-29,2025-09-02
CUST_0185,BANK_3,17,1857.814118,31582.84,64.76,7276.42,2025-07-29,2025-09-07
CUST_0152,BANK_3,19,1646.448421,31282.52,29.79,8780.96,2025-08-01,2025-09-03
CUST_0182,BANK_1,18,1727.142778,31088.57,215.04,7398.07,2025-07-26,2025-09-08
CUST_0184,BANK_3,24,1270.244583,30485.87,88.21,3274.88,2025-07-29,2025-09-07
CUST_0100,BANK_1,22,1380.57,30372.54,222.7,3608.53,2025-07-26,2025-09-07
CUST_0012,BANK_4,17,1786.017059,30362.29,124.28,8365.86,2025-07-28,2025-09-07
CUST_0103,BANK_1,21,1424.151429,29907.18,45.04,5186.41,2025-07-27,2025-09-08
CUST_0062,BANK_3,23,1296.902609,29828.76,53.38,4055.72,2025-07-27,2025-09-07
CUST_0174,BANK_4,15,1976.983333,29654.75,11.25,10442.21,2025-07-29,2025-09-04
CUST_0082,BANK_3,17,1737.474706,29537.07,220.62,3548.47,2025-07-28,2025-09-05
CUST_0066,BANK_3,22,1333.213636,29330.7,22.52,3574.44,2025-07-31,2025-09-04
CUST_0113,BANK_5,17,1692.371176,28770.31,65.35,4479.91,2025-07-30,2025-09-05
CUST_0093,BANK_1,28,1020.637857,28577.86,90.11,3798.35,2025-07-28,2025-09-08
CUST_0147,BANK_1,21,1358.310952,28524.53,7.94,3678.95,2025-07-28,2025-09-08
CUST_0154,BANK_2,18,1565.919444,28186.55,145.6,6333.29,2025-08-03,2025-09-08
CUST_0177,BANK_5,20,1385.388,27707.76,111.78,4480.29,2025-07-27,2025-09-03
CUST_0103,BANK_3,20,1346.15,26923.0,73.08,7057.29,2025-07-30,2025-09-08
CUST_0192,BANK_5,19,1415.057368,26886.09,39.0,3915.82,2025-07-29,2025-09-09
CUST_0058,BANK_1,25,1068.112,26702.8,128.41,3325.2,2025-07-28,2025-09-07
CUST_0110,BANK_1,15,1760.568,26408.52,86.14,4656.65,2025-07-27,2025-09-06
CUST_0004,BANK_3,21,1253.507619,26323.66,14.49,4487.27,2025-07-27,2025-09-09
CUST_0135,BANK_5,13,2014.116923,26183.52,105.67,7501.95,2025-07-31,2025-09-08
CUST_0085,BANK_2,19,1374.089474,26107.7,47.33,4992.82,2025-08-01,2025-09-09
CUST_0199,BANK_1,20,1300.802,26016.04,19.41,4264.75,2025-07-27,2025-09-07
CUST_0169,BANK_1,19,1325.919474,25192.47,56.32,3268.51,2025-07-26,2025-09-04
CUST_0068,BANK_5,23,1094.005652,25162.13,62.77,4487.29,2025-07-27,2025-09-08
CUST_0161,BANK_1,18,1391.832778,25052.99,84.56,4743.67,2025-07-27,2025-09-07
CUST_0135,BANK_3,20,1218.0465,24360.93,14.16,5120.41,2025-07-26,2025-09-04
CUST_0117,BANK_1,20,1186.534,23730.68,29.42,5599.3,2025-07-31,2025-09-06
CUST_0084,BANK_4,17,1393.551765,23690.38,173.78,10075.2,2025-07-28,2025-09-08
CUST_0045,BANK_2,20,1116.705,22334.1,42.17,4848.02,2025-07-28,2025-09-07
CUST_0119,BANK_2,19,1107.564211,21043.72,39.47,4427.61,2025-07-28,2025-09-07
CUST_0118,BANK_4,16,1276.78625,20428.58,31.84,3368.16,2025-07-29,2025-09-08
CUST_0031,BANK_4,12,1556.783333,18681.4,870.23,2962.59,2025-07-26,2025-09-01
CUST_0066,BANK_5,18,989.262222,17806.72,26.57,3055.55,2025-07-30,2025-09-09
CUST_0177,BANK_1,12,991.758333,11901.1,38.47,2700.58,2025-07-28,2025-09-02
